saleCode,storeCode,customerUUID,salesPersonUUID,date
FW9r,8VhizA,SLyagmow-TkP8-WdJ9-HWYP-GwDr7zNOq9pR,NW3YmGhY-Bhi7-WSQ1-4FmF-ibe76fRWIE6q,
,,QGvGkERN-S1Du-RURn-Ursv-6BPCwDM93SUr,uoG3yHZa-V8Dn-rN8c-mW4F-yD28r6qewW3A,2022-09-09
,bmgTtY,8chcuUTs-x8SH-kanl-0q3S-PzLEuFfESnfI,QZNi6rby-LLJn-6pfr-Zv3p-geE31eAyJI5t,2023-12-03
n5Nj,ZEx4WN,HpreoyNQ-fKMP-SGmN-dp9j-C2BRqbdBY8fF,D8wUzbnl-zjak-cnnn-fJJ3-XNnrCzlQ97PQ,2023-01-14
7vm3,,aPOsWJgB-olcZ-dUcC-d5XH-KPwkRDshMLM2,TKmX1ckQ-lRSV-fQTP-ffIV-xtb0lACmoSN7,2022-09-27
0OpY,oQzxbh,xQj68SvJ-Rp7U-CaPc-h5rz-69rBa2HA9WtO,8ujCIj6h-BMbT-A5rz-i5tP-U9xCgHjQekhL,2023-09-03
VDRx,2MMhb3,aSMHcZA0-S3zb-gRyj-Lymj-zQIFE2JDPi2D,iu2hsU8o-khH7-S3MM-rkZA-d6aSHscjzOFx,2021-11-15
pcW2,1e1GMT,uY3AIaz2-F2E1-tqO4-tt1t-4wC7vK9CdzcR,V2quGTSs-VcRh-i4zR-eNtQ-fk4WYcWLjMZi,
jakY,DlCs27,,IxZO7Hyp-YBVt-ivzQ-w6Fp-FfexwD98eFz0,2021-11-21
MzCY,,heL09glb-H7wO-jB9r-CALd-TAponFmbiaaW,,2024-01-20
DOSH,dR8GWQ,Qx0Uvikj-WGlp-Y410-wBNx-PqUDjD6jvIPd,9mBFLRRq-qwX5-o2CZ-P1NX-iG3RJg8sS3Pv,2023-03-05
XKFK,,6kGlEP2u-phsW-mPa1-fGH1-lzWaCjLhIiH3,,2022-05-03
,zzpsde,,DF2ZGEyl-NQhl-izDR-dHms-Zjw5jGx6ZFHT,2023-09-06
Lows,15cwkk,ODWSnCex-wiTj-Wzbd-YOFr-eCPZrLdQP0YS,Z8FOU994-1KNG-aT2G-18fe-1nFlkrq943QR,2021-10-23
RMzD,,,SYw2VDZh-fkOa-ns6u-bJuo-jghilT4lBTD3,2023-06-30
FyuV,,7qOoy2pK-lk3d-TeqW-T2zL-Rm7SLyYoyevc,,2021-10-29
wfOQ,VdJJXj,RVl1n59y-3Wyb-Fciz-j7Qe-u36Z9jW4Oj7o,,2022-07-30
QhJG,fFQFmF,FNA10QZn-x7O7-zgcj-hGX8-4Z9wqVB49p6T,G8Lq5JDM-8vcB-NfJH-GPId-tbI8pRzZpi4K,2023-06-24
ctJv,4qoWLE,a9id8LbS-Yh0t-lcpU-bRsZ-OGeAKpJwH7HU,zknSE2zm-oZ2o-NY3R-sFse-lRkdeTQcbwkk,2022-01-21
fvOv,PJQ7Ai,DFRtDiae-cst4-bZrW-vFXE-2Kc26H1BEz4F,b90S5pdb-kx86-ElQ6-kf26-3c6YtYLH2ZgT,2024-02-03
os4S,4Sy1OB,,,2022-08-14
o4A2,mnRVDZ,zd7uq4Uj-pChb-S4bg-oVDb-ohblM5zLFUkY,EefW5jlc-dhBN-lPcm-V6bc-YdxGBbNZIKbH,2023-10-31
f1a0,o51rLF,7bFoY5ks-8xTQ-kq3W-cDW4-VMSFAqSYOcui,4NeJ2fF1-XtpE-V8yg-qlya-jsU8k0kjGHB2,2023-04-06
AdZd,8vCiRR,,K8FmZzCg-VHsh-2ago-wyOg-OjlOoFlqLvsj,2023-03-06
fuGS,hyuRW9,FW2XWzbk-4ziw-M49b-f6xW-2MY4mCEcQcQv,cHHJ8uhW-HM7k-89IK-XW6y-jUF9AClqifei,2022-07-09
,,,CKV9pCBx-Urft-PjyJ-NX9l-aQ2BvuBLrcNb,2023-12-18
6D7A,e9LGim,5wUN2J0D-0Q7J-8MuV-6ms7-gsoFkUEWrn8Q,GXuGathR-Rq90-7vpK-cEF7-ivUtajguFbMP,2023-01-19
H3B1,lpWpHA,IA6GPCKQ-pLHx-V5Om-xYSE-3NdwJSCO4qe0,GFdZZj9i-05ZJ-Efjn-NIy4-u4MlvCkIKQtt,2022-05-23
Cz75,FtNulf,jPQ75szH-QKrv-6y1v-DcK2-huJIReUMW65v,73dCWIKU-XI4Y-kfSx-Noq7-NUmhTOYgiIMj,2023-05-04
QzfT,IOCejU,,,
CGz9,RorcCP,3sBXknbu-oKZX-MS2C-O2yg-l78xvjw7sIxy,,
,,iWHx1RKP-oHq9-u99j-Z4gR-R7AvNIoEszgg,,
ZrWb,rYzqhQ,NaGK53l2-Fiz3-kLly-9srd-IDdBdzLWG9AD,8WnhjuCe-DkZD-rzk3-ymli-1mk8ydynjnmB,2024-01-18
IeSB,uoDk2z,IYpRuSEv-aUm4-NbhP-9Cbq-dZzBhdeffEFS,,2022-05-03
erfk,Piyqg2,SmEeCYbB-3Jj3-kGIQ-5GkM-RBlWq2p7JCmL,wYXqxdl5-YGx4-s7iR-PU1s-tjCz4A9KH353,2023-01-02
1dtj,,ptIUJ38t-OWd7-hWUe-GFAd-ynbnOeebSTTe,mG0QGmys-r90W-wkSF-HtXr-prBti5TjcUku,2024-01-19
Hhai,cLuuMM,gi3KUofv-FvUg-1D2H-ZQ5h-uRPDsEEPcoUR,8he9IVXW-Bzda-hpCO-IfVQ-OIBpzDAYuthq,2024-01-27
yJHl,nPFqVY,cZVWyHHY-AhQa-v3Vt-QqHL-Q9bk8TvqL1cK,EAdGD6l1-MRRm-ASIx-Pzqp-ncdtd5pctFnB,2023-12-08
7SCN,FB0SuN,,HZW4maI3-Bg1A-CBof-WjBf-p0toPpRMtyvL,
LjYX,GnHwZi,K5bEzaT6-R7pH-jJoq-4YNR-Mp5FkRdGoax6,ZztCpjM9-MIDs-GDz8-OQtw-Eb5iTbtfWXLZ,2024-01-21
IB03,DXy6HY,,3KjTaF28-ZSeR-IfgD-iLGI-wMdVLHHBRBjr,2023-12-23
QcFW,IpFCVn,ofg1NVYA-FkWR-IBko-DBNQ-9XtbjS67Ndst,NAM8pkxC-Vy0e-nVPT-UAkj-d0mZiKigHtNP,2024-02-17
,,2qkRcOWX-eQzm-pxmP-OjW5-RcRUehOnAHxl,SwMFREPt-jYt3-rSv5-pYqj-e2A13IMNJzM7,2021-10-10
66ZL,Ti0HZB,TX01ZLeK-qxST-Kalg-6aUw-1UzhirgNNtbt,,2023-04-16
,OdfrQC,0oTaGsxK-WUXn-2G7b-Xcb4-MsVCGsMlHSbQ,Y7IhsymS-aMat-nyZw-G6DY-yUMnqFAdlDKL,2022-03-12
OdbR,7QUUvn,TaMbURdp-qTxl-yIDY-Av44-fuqCu8HwNUpl,SAaSIt7U-0L6K-hrBv-kFWs-Bqa45HZ8YP4y,2021-11-03
Un2V,GiPGZy,Q4elKVSX-ZMp1-4zkD-Px3n-uX7MoevklZpQ,N5N5f2Sv-kJJn-IPcP-kF44-3pv1wLromvY4,2023-08-12
3Bij,ZAPlQI,PmfE5G95-2Thv-RnjL-CNKp-l437AahqKTLT,v939g2jE-r1XP-oTaR-8883-59W8VW2ysqMH,2024-02-09
PWBm,jlhwNf,KAUqlLvY-spr6-uMRu-xhWJ-Odrdp3b84vGx,96J309Ig-sKeC-2IEy-gA2P-97oG3Re8ea98,2023-04-12
7Eq4,q0GZec,ieXdy3I6-n5Hb-IalO-OobG-1nEBm7InHbmI,,2021-11-03
,C8HFqD,,81PG2X2x-4st3-gX1m-ukGD-ytB1vveYomAN,2023-04-27
OsH7,GDixuE,jZpWej9a-jTUa-GK6W-Azn0-Jq8hNJAdkdRr,ajIGRIay-nJrv-odNi-1fXD-dodZwFPy18qK,2022-03-09
vNdy,y29n4h,VaRYwRCC-OYjk-Xmb4-pvcz-BClq4zIQZo6q,,2023-10-18
,w4DJFa,dZZwKfhX-bsDD-X9yL-yABI-JoQOTWLmcwXQ,4MEvgKeT-1GII-c2NE-XEzQ-T3WiH0ZAqMTu,2023-07-30
uWIu,,0uIR3gYU-zeZD-66p5-7ZnC-WphBIT265496,,2022-04-28
XzKE,jASjQV,,BW65nY8P-sZ5q-DaFT-AYvm-KFFwloblBXnD,
KxpU,k2FB2R,yBiMIbq8-m9zq-3VZG-u3id-CiFf1jHvk7bh,M1yDTHlA-O2WJ-tqoF-qTeM-lE6pwBO8tNYV,2023-03-30
A7Kx,lVY5Yb,Gd1SXj5F-dBLB-lTcu-2ylQ-AKBBfiBKX1II,gLjxzEpg-AoN6-5scx-9tTp-1iNJgE8Jkodu,
CguI,,22p1V2PQ-zFWW-ppjK-91G9-vkQxAE4tP6H2,PcYyMPwY-2pBc-I1vL-mdNN-eefA0MFhdTfu,2022-11-21
,jEPzCx,nRvyzudY-KcnH-8V9I-jVjc-RdIJnCXDx7R7,M5gvGQFM-EzWH-eA8H-M32a-eOu2ssz19Gmb,
LJjB,,4PrN1nR3-rKjP-4wKi-rcQU-pi1QBszF3cmL,,2023-06-07
SkvT,,hY64RAWg-RlUd-2kNM-bd9Z-jWPa5hz1ztgT,tpZBrApg-fTek-pzKS-jOsQ-xdsg7l3UlVKJ,2023-11-14
gXF7,oLFdDG,sm2E1lK4-IPQJ-dK8k-z9Ms-yZiJWDY0DIpv,RJtlEDDT-MIx6-4eEA-JgNN-K6f2Ulyyc1I3,2022-05-18
hArN,u9V2cA,umcUac2p-Cfru-6TMz-1St2-eQnXMRReFvOs,NoxeFY0v-W0z8-ZuDa-D53e-MulyuDNnBRNj,2022-09-15
Z3nc,draeuv,RquiZ7vR-9iHa-uuP7-UhHR-5wQHZ2XMA4z2,9RXUDxdW-4yVF-EHOH-zVvL-XfPKasZ6Z67H,
dW5R,3fmCiT,Y1VBbJn4-eXJ3-fRc1-l2Ev-htdpkWsp8lLe,,2022-11-30
,8pjLmf,H2bXwgIC-1SEf-bjnE-4dJ6-XHUM5qZGs7tY,gz8cuRE3-2PzS-h4ym-fTdF-kWrva93c2FqB,2023-06-16
CtYo,HlETyE,UBIHQoss-u3qy-hp8n-aE96-HzTOzwrJt5Ub,,
PCkt,GGiRJN,O1ZFha6m-4l8I-pHBt-ufFe-xDyCz7i0kG5Y,mtroNpm8-75ap-K5iz-PN9X-oEVmJb5dJ5nh,2021-11-21
HVsT,,hkYhr1pq-q6Ui-2KI8-sqGT-geZMOlKvOi2Q,4JZLjeH4-mOnr-eYHk-NUTb-RrdyuW0MrlBW,2023-10-08
o3rj,,jSF9fNcB-0qqG-6LD3-vkhp-BujgeDinePfZ,,
63w7,fFvcZd,,XJgeSGpt-SMsU-ughl-MoF2-2kRzlkhVOzml,2023-02-24
vzvQ,,U5g07tfA-bB7q-yiF0-ztNP-UqDZlEGYoEdN,,2021-10-02
tQjH,,,tlc22UKh-7TR7-LLqX-szYo-4tq6InbQTG2b,2022-01-20
BPEO,p6rfhM,Fu1Lx4Yo-Kay3-R9uo-BQ9E-r4F9dGeioD8k,V4ezMdBO-hUst-wckM-BcYf-DShw9sqaDCFf,2021-10-10
nqhP,,TeikK313-popO-DpZT-HBWz-6hEHgr0l0hoL,1n5MEB8C-GGWY-cLSq-ycUt-qw0D6GGkN5d8,2023-12-09
,9MPREX,yjV7THHd-y7aT-vsFd-VgCP-74Dasn3Oed7W,wNj2TXzB-9NDw-JFsK-Le7J-IPBjCe0lD34T,
,QH00Lm,,o9UYM3x0-l3EK-Fatf-GtTP-3NSVNC098MFh,2023-11-26
Csbm,pAs6A3,,,2022-01-06
Uv4i,qJMBIS,wdsjGdBm-1Ime-O2GL-y3fp-F2fPgvp8CGG9,XCxg6zf8-OIPS-7c71-mPHT-z4Dm3CdVaY3J,
Ivj3,9sU7vo,,Z9Lb6WzY-icWn-CfAz-3lxO-69P6PpsvxX4C,
C21n,ZGq3ef,,,2023-11-26
jYpS,jGuopN,LWonK8CG-bXdz-Dx4C-NH9k-cgb66z91iVd7,dkEFSow9-XDwK-6b5i-gZlj-ymQT2Uqhq6WS,2023-09-02
I5vO,FklJtR,xhM9nXiN-VWEk-NsAG-OZWF-WdIBPjgmAiH7,D3REmKjP-l3wT-onmX-0DRW-mPV29EuwN5uu,
VOyD,,gcoCXVGZ-e6lh-GFXi-aXMk-ICgGgsa8Ayyt,VO0Yx36M-ayxk-6N4A-xKgz-n1CoKGbpneIc,
,biPbzB,UdVyb34O-UMZI-53hK-GQ3m-kH4dlwGVhMe5,k3H5PXZI-Kxjm-UkkA-EexG-EM6QSxQiopcn,2022-03-01
CpGe,NTAAJy,kThNkC1k-4UIs-mMCM-1q7r-MfcPsKhT5s9U,pBzAc3Ba-xsPE-rlkT-Yy2M-rnunslf5Kuf8,
iGA3,,,lgMY1Jbk-ylSg-Ml4F-4zqs-7OegqYaUh49O,2023-08-14
tWlw,MBTSKk,PeBEyJ2h-Dta2-81kF-SvNj-37jaQkaYgMX7,czwLHOz1-wpVg-OrCG-9kjK-aKstaQMNWhHn,2022-11-27
UTSG,R4ARWJ,p2NKCNcv-a5zu-Sdrw-QqEA-TGALWirYxV7C,NhZzJIYW-y8sv-aJvD-X29N-cLR9rBrYwQJv,2021-12-08
jptN,zGbbkn,wLvE9cFN-9YiQ-jsfI-UphH-AGBd1mhMibna,nphOwUI0-sKUn-jN4n-mnE3-fD3u5JVTtWQB,2023-01-19
0lwN,keyRJQ,,orZ8jaGQ-4JVA-5Ay3-CTcr-VmRhCPJphcjW,
,,t4n2oVuF-mqre-hREP-IGc3-KM4ippfqXfbs,uqMw6Uz3-Y4u8-pXOY-D7rm-yawyZ8udstXc,2023-07-30
,XkVmeT,,yHGvvB3c-bd5F-Dfqy-ddY2-IdUN62juaRmN,2023-07-20
,nAHmIF,DHt9czDI-kHdZ-ZHlV-rEIB-eXkJXcUZQjpr,0hh8y4AX-1hrU-7rgg-22tC-lG1wkvIPGB45,2023-05-25
Pp9P,,XfGZDRrX-eRWH-N3Tw-gof5-gKiJCgEx3q4M,p5l84vrI-86GL-yRE4-KCeE-nW1ygRQWI1WN,2022-04-03
X4nR,DwKjBh,ASl57HS3-TQNj-pWSw-U4Xf-cc1mbholDdDY,sDcMHAdP-3PAo-ONQt-7jlo-HapoPJzv8H8Z,2023-02-11
Fa7O,YYoOcR,oXiI89Ap-PVvR-6NvS-BkVe-pc6w3xY0toR3,gOtgz3oL-MOrG-EEHg-tC9q-OX0aEq5gmYxw,
bkmr,GSiL8X,9lsjWPDP-fKeE-GuMv-WQGL-RUyfl6r9Ra8A,HDZ8PyXF-nTrs-0Lfg-Rqqg-0vMUhXy3svHz,2021-09-05
xLhc,huZvnY,BdPUALsm-tUVs-bCKy-Ziuq-J8WNgvbPnrlO,CcxCSFSH-oZbk-b2kP-e7yN-DdBmnnhwQenr,2022-07-08
JYos,rxulya,VwoGSRDX-2Nin-5qKY-CA7x-3Op0xzgTE52Y,jb4u3ZUv-CkvE-87pe-LtbW-MgZHFidyYUwu,2022-03-12
pHmJ,,myupg5Gy-hN9V-r56q-bKgM-zPmxuTjjsYW0,HRDT077F-EaU2-5MR2-r85a-blwgjOyjzGPl,2022-12-14
2KIJ,q6CQKh,50fa0NCl-0sna-PiXp-lKel-nnSquoNBXjJT,nCJwLlvV-MwgD-t7p1-JA1m-8RRnfKh5M5Ab,2021-10-21
,BgHWzU,IdCl6SkI-1cUz-sj0z-lL7G-JaiRPxRrCHxO,sV0EW48x-9LPP-8BqZ-zpVF-DSJngLqivgUi,
CTF9,pQn0av,9TwYXZiv-dX6M-v8cs-aca1-XohkW2Top9NA,VCXkAeDB-LktA-mcqT-vwtA-757zVIcr88sb,2023-08-18
,ID8pvq,yhtgAzh7-Cbl8-e61F-VZPR-FimC5g13w8VX,EBthp0lO-uVjf-dR49-7ThZ-rYhH6AUUVvXz,2022-04-02
Wpax,apkDzg,kJlaqTOi-9CJj-qKSx-shUn-OqDOuw13pRmi,ISNPEGKH-tMpy-pgc5-aPm4-tvqEuUJf2fgd,2022-09-05
gRSG,euPYZG,MH4V8aMa-d8Fh-l9bq-3TfF-hYyFKuzqsbzw,49rGarij-tSkY-HsLQ-lOvF-sW1nsCTVBfD5,2023-12-24
PPlz,0q3ZGa,ivdUeDhz-sc6H-mbsN-f77k-vrejdVT2xYqS,BgYdiUA3-qG0q-CSYM-dHi7-KXhi6BBxMgAe,2023-07-22
,,x6dD5g6R-hpea-0kuB-KZVJ-3ZfE5QrKcu6f,bDpYF1Cx-ZeKN-xBEc-edwK-DPk3jQFgsRuV,2022-06-21
p03I,OnDxjD,,10fnzD9H-gANg-c4JI-9AHG-cmFCnZky3Ye5,2021-10-29
bHYF,hanidY,qwS0ST1U-UbMI-Pfmn-NvoB-VWOOA8AGM0VA,,2022-03-17
rAUr,9bFZuj,Tmu2lkl1-9BdT-mpTe-MW1t-y5tJ54jgjfwA,,2023-09-27
uauk,q1RdBe,vTrU7PRG-GXi6-j9N3-QYMK-uOywn2mXEvWQ,,2022-08-19
T3hF,z0e2CW,el0snzAG-Wp73-FIbO-aJgJ-PDZf3sAvz1u3,ddyQTDgT-5Ogr-2mdc-z9Kd-9OQ1zzOZ7GKw,2023-06-09
OtGN,nHD6c5,IJNuln3e-0tTN-xpZE-BIpy-6tIyWV4R0o87,Z2NrwZZX-2GzS-Ka9a-sSBR-uNWc70QTf7Jq,2022-11-15
jYqt,gj8iWC,KkeDUVpS-CoTT-a4Pl-qUfv-KsnwZ2MOoMs0,,2021-09-05
Xcui,dct9at,TWRpftiL-YDeC-cZeh-zlJL-nEAoWDaXC6aq,dOkX6Alp-pYVl-n7rp-Mjy5-c3FObgQcqYkU,2022-05-26
uw01,aMmvSG,M72OX1nP-Rjep-gVso-tsok-o3XQlZTipC7g,mLYLtZ4h-mppT-dTJD-twNN-YKt0n6tgm3Il,2023-11-21
,Sni7V6,DDWPEgsH-jTtr-dFAO-4C4E-rO9a28Rpf8VQ,OYvMBuAC-YOal-0F17-vbLu-umJBgNo0jD5o,2022-05-01
CRfK,z1Y841,,93463dGj-y9TB-ZCME-iifD-jstzktPpsapR,2022-04-22
,jWhqSv,6007zN5O-hRle-lWWA-0NAP-70uN1WPhDHYp,DeApSr1U-kG03-YkX3-cfT1-pETFL9iR8MVr,2023-07-26
Cku2,fKT9Tp,RgWEzBvg-0H02-ldMu-p1Le-o5vnfvGO9dqf,,2022-04-03
,oPw6YA,QGFxYQG6-7WWV-vzkC-EiEQ-ymCLrl9OjNwC,3RoKfdUM-2rWM-OBQh-UOSQ-08DD2cznGPfa,2022-08-18
1CZk,MJikyV,v4qyfqs0-fdF6-ZfOa-CApS-MMjBOYvZKyyJ,1RD7LdMT-A7zG-c3p8-n3HS-kyyaZUz9MHvw,
1BaH,mW6Agy,v5YQHME2-kh14-Zyl6-xkxJ-kGNz4K4nVT4I,,2022-12-31
OEcH,1EocQE,xowNZpUC-sLdr-HC29-Cc0N-n2AoF9jnuOlg,hpomxp5Q-w24f-130k-BdkK-19veEixQdReh,2023-08-16
yZ3b,,B4jyC0S5-woXw-7Vvd-JM91-jW8hGzECca6f,KX3zKb78-4pZO-KQsv-CXlb-mTEQEMHuO4FN,2022-02-08
rJHs,8E5hfg,i16UcMcL-233R-pHHn-pAQu-tqYfaE2E8a52,,
itwq,,rQU0uPwR-d4lm-xSeO-QQZY-nUv7mab4lbl7,7qBd1iOH-68j3-rRYp-tXhu-djDQx1aqOo85,2023-03-10
yG4N,m4ohzy,E7JWNxw2-FVwh-Owm8-NV9B-rBK0SCCWffox,PZz9vt1u-uAsu-q4kl-On6Q-SZhZmuMZvdXS,2023-08-29
R8Xm,NCeTX0,,,2022-04-05
7hXQ,EAPdz1,Z3MasoQz-hka2-x1z0-qLw8-tPFH33PublRq,YFzGN2Pr-MnvX-Y52N-irlp-dHrt1SzsRi9f,2022-06-07
bfin,7Wujsy,Q5aTTPHN-ZzAh-IGlv-KXSR-J8dtdMW1RGpr,ytspnJmY-S75p-SIun-KLjI-Dsu0jQMy15On,
JiwR,k01c9h,,O6zu5qkC-m7de-hEex-QNHb-RHv7BcZL8jO3,2023-07-31
,d5i0Yn,Y7XGMLhe-4Y5Q-eq8d-jVEW-9LNZDRsvQUbv,5cHlj6cH-O22L-GErg-LIHN-pshbzGqTxNll,
ph0m,zYzg5Z,wNZmwxhj-jEfw-G80Z-6op7-9X8l8RyeRGwH,HEquS92w-4bQ0-22sD-bPN0-IY5QZFznNkFf,2024-01-15
,i26oKI,u8muMWHX-eJ8Y-KxmU-b5y8-1732ue7thF9q,19gogxVX-xdMV-Q9BZ-G8Pe-irvNEvcuQKAd,2023-06-20
iXuE,FUIEAU,W1fu0qfD-04uv-rskT-F2wE-0NKdcm82gYAY,OiXvG1Uk-TRva-sJRR-UKbq-9oLXiSAgigyL,2021-12-17
kdSH,5SJtcL,HOCvEJqm-l95K-Ihxb-sID3-c6lFQzf1vkst,IcMpKBNg-vldW-Aki5-ET2x-3T3JItp5sy0X,
TFTx,YLx1iA,19fjKrAK-9ywZ-TOoc-3ciA-mdwfAj89YKcB,jCZfnQa5-mb3r-I1Pg-Anqo-ura9WIfJOX5f,
J8b6,ChivTY,SgjME9gA-Bn94-Pbxc-xh36-fqwLXyVnJq0t,aIxMTe1s-EVEa-LGmZ-wr5n-TDTYvB9ivoYR,2023-05-21
4k2S,YxiqrY,Y64nF9YN-1yHo-tWDu-ZhOK-ii9CiY9tJZ6Z,3BrTIdeu-EY6A-uaLO-f4FV-Lvd9dXKOLhKx,2021-11-10
,cmK2gS,5F7ioom3-yP4H-xclm-Rv0w-Myj6Gwdxual8,Iy3CSeXV-jnfB-1WdO-1hhy-hnfaXSLSZWsm,2022-12-20
w5Ks,OboHJa,Q5PAGjc7-FPIc-4rIj-1Ly3-CCwpQHIIVWRb,byrYI29S-PiZj-6k4y-cW3l-knv9jCkycmc5,
IOFU,4tK1LC,dfwOOkT7-ctjE-HQIE-TheF-NoQiHu63a4YF,vFdWD2pZ-3Hay-Klla-orCa-WleJfutDEoaM,2022-07-31
NfOH,,G6JZl3eJ-xlcR-w184-H8sX-r5WLxAqcEiEy,,2022-05-23
,Nsqm3a,2liljDrF-fWrp-654n-wc7l-3UFHCfZD3Fbu,WfrN35f8-ZLcb-Nn5K-1FZb-kKLu3DArI4q4,2023-10-25
Yxeq,JqUyoP,,Q9PcCn1j-Hclc-yUX0-EtmR-39LAQBOT8h0x,
JHmM,jMsbWP,NX74JTr4-QVCW-jbDU-Addm-QC0wvN4yLeM3,bHqzQ6jL-Ho5d-imFH-BKOp-v60CX2mI4cLC,2021-09-15
T4bn,,,rG0vw3vI-yNt2-J2t4-ZIu1-HifiB7HYz4p6,2021-10-25
oK5V,9s134i,,Xu9y5etG-8J2C-W9vS-8Dhz-kPXsTOeFHWHl,
QMXH,,kXF1rdMR-DQsg-XLVu-Qdu4-ZHdmzbzt7Xz0,mO7HT1IU-J1kP-ZIy4-uPXf-JhFZ09fdNGvn,2022-02-14
,awuKhO,K1Fcbr3m-48cr-a6na-HNOU-dhNI8pe3EhnS,rUkeD8OC-hcbj-gOnF-BiIx-kB2Trbg0AaJ4,2023-05-02
DcfL,Zp47o3,,HZCXWPr1-BiYG-v1fI-i22S-8r66zBqawUJ6,2022-05-03
8GQ4,IVJ2F4,aiS3ORsn-Di9C-v6eJ-GwiK-rgo6htRs8CGj,HmTpV887-7jJF-VJ4o-x26e-HvIBDbfNp6Pj,
7m8S,,OqgW1i4A-81JF-QvAX-mp9n-fJkKzZT6SCzT,gY2syu7v-DbBL-8Jbl-GnDa-D2ZYA5lECVD1,2022-04-14
42MG,,,Ts1oes4G-01Om-yWcp-k2GV-AOE9S8D9DJoU,2022-06-26
FC5W,2Eg2Jn,4tqC7Vs8-WE1C-TMyx-Btuh-68aSPEFOzv8W,NbaY7YOA-Irrf-OY0m-ltvp-QpVrr0IbpoA6,
,0wYcF8,wXsOCKlK-bTzG-twfs-c2e1-NO7wZ7LMHzWv,5cWrmgTu-lOYr-3iy3-KueB-YkT2tWlgiHXi,2023-12-14
EX7N,eXhx6b,D0thZaby-FGwL-9tkz-9do9-jOBo8EtWhINw,bEnQcGR9-LmGv-wvfP-ctax-MLT4rvY0pxli,2022-11-16
YG5w,,,m8XKo4Rv-1jCg-5ULd-ubJM-GTHLc6h8wLPI,2022-07-10
1rSx,z2UBO3,lGfWwTT3-1bqj-O75X-4BQv-YpdZm7R0Ooum,UMFzmgcC-Nh9O-pgy4-I2RJ-QBeyDb8fGygH,2023-06-01
k3Hp,z1lIxg,KNv5KyDw-nWG6-hGn9-Iic6-I8ey7vV1kgZv,3gtMdtxy-yWUb-QON1-TUNX-dLjQX4IYss26,2023-05-08
boIq,kdxOkP,tMOFR2o5-48bg-Xkz1-aPDi-DlVpsuFdUAS2,,2023-03-15
QVA6,d9ODZX,u6ZT77R2-GOf8-0c61-pd1k-YAZzcqgpTzfw,hrMjQw3k-9Im1-TFmq-u1Rg-HVd7bIjFfZdS,2023-12-15
,,zj0CKE2i-yGHi-Jbuy-SFne-cuNS1ABQ7v3Z,7cgXtQPw-MtP3-9o45-wGst-r0ufJ63yEIUV,2022-05-13
ac20,307fFy,U9wynmzd-IEQU-hubM-nqUM-QApwet4QBQ9U,4Ijr9T7m-TmgI-8l3H-2jyc-UbUjYj9rCHKo,
IYFu,,,nA6oc3Vn-7IuK-N31o-kvSh-hW1evH8e1s7I,
1S23,p7gfWQ,,,2022-12-25
GG6b,i08OpV,Lb4S0duZ-EST6-59oL-zf9u-BzYDYMoqgh04,sv4bplS9-wdni-VXoC-czAD-AfgkBZthB50s,
,,,,2023-01-20
PLXE,,ONUFQH5i-v1N9-Gd7n-gTMd-N1p7Gtbq5E2a,xDRCvaBy-UAJe-fz9h-2d4u-MUsbseHTCz3z,2024-01-15
O62O,iHGCGt,tsVY2UYO-bRUE-nFzn-vRT4-ascyugJ6Xmiy,jHzAnklW-DyJ0-ArcH-ohmm-Blpd5CFV06Aq,2022-04-08
5KEe,ORK6Od,XH5kJe2Q-9MAb-2xsJ-yxKx-vUdhfuWIYGC5,uDkQ5Z6s-55YJ-00Fi-BT5a-sqyWSfs3XMEU,
SbWK,bYUFis,Fjr4wpf9-ncpx-OgYD-8CVs-cwChSUGMBKwI,fOoF0dyM-9hTd-NwyW-2ZfN-h7DtttGL3c6N,2022-03-19
1w0T,01aJi0,,v8A7uzGy-raw6-NOMd-kAur-y7Eiw95gX8g7,2023-07-22
Svt9,8dAli9,evobaUm6-ckGw-kWV9-R0Zo-AxmQL2ehxcDh,,2023-04-29
gzYE,OZqQsa,nR3FI8sM-COV1-TlCn-jGrH-9KxUAlvEYzFz,rStP4q6V-dUy3-sN2G-jMeG-3XAxYBHKCrOE,
8jRL,,g7145Ktc-zd6Z-8Fih-UF4e-XkIqjmEo9Ty7,HbPxSnZy-gqpv-MnQN-JfGB-jSREJb5NcAU7,2022-01-26
nS5S,,CAQLt4wf-Tfsg-jABX-nxA3-uhNPYYRfKCBm,PHmTbbAV-c4W5-vq2D-mawj-8ynKE9HTJRx7,
h4gr,,LoJdH81l-kS6Q-0LC3-mirX-G20oOuxwDuPD,KHQq7gJg-rPJb-ixiI-tVjB-Pau35M3CgDBM,
D9qp,wPidvW,gEq7hx6m-k2Fi-SqAX-Eoes-DTmXfqjxgDn3,kCACJtUj-1jHV-VmSB-QsXr-KCVJLU3Lo7OW,
,kfk5Z9,VoCYWZUm-7AEH-Sbjf-8u3s-ykgUpvyRHGv9,5MdZA6OT-3gGb-Y5YI-siWl-P0yL4trX0al2,2024-02-02
xJr3,qKsjvg,Zh83DuYQ-0LVz-zw86-UEyr-Rk9Fc9XcnRQH,G2bQhfFQ-ZDko-55Qu-GhBP-GySK0fkE5cuc,
xZbG,tADqZh,,jWvPSbSy-70Xk-lVGy-Axgn-e6571UElOQFI,2022-05-11
Q3mS,CSMXK5,tp1TmRXO-5nCp-Uuiw-dAox-3st4UkxGHc06,szXF8gWb-srXE-411C-9ZMj-CzOMHtn4RyNJ,
qsxs,fQqrFj,26u41jad-oRvA-d1S4-6u2M-dhgOUK2uwvWx,AUs2pIr9-CCUF-eYrk-Xeqs-95QLcHsla4GJ,2022-06-19
,,2EZojQxf-Rf6J-XX6H-xQDk-JGXJBbsgB2Lm,alpF652e-0D3B-sqjV-2wg4-STBkJhKXufGW,
0vK1,y4dItY,vvahzkAv-bB0v-ePOE-5vjs-2TDuGCxDltv8,rTGiW5YP-Lyjh-nZQG-Yc7Y-QDNTk4cc6WjL,2022-09-19
CxRD,9DeioW,eS5PaoYq-mB46-d0KP-Ffdy-yTDh8mWxsdGd,HjccwLy4-82A9-moQo-IDC3-LwF3TVECGHfQ,2023-12-27
,8BUpkJ,zM5dWUwB-Fw13-5I7O-mjuN-KSWx3ddKVsAk,AyljX3FM-5LWQ-PsZG-ZGsz-zkz1VRWgcHoO,2022-02-27
nW1k,izSqFV,pZyzGD6W-lZEu-HnzK-lY3s-ESdrGTu50P54,YvsMr856-SY8B-hjcs-EET7-mcSSfpnnIBWX,2021-12-16
M39T,Wh0Bce,8E1i8B8l-XFI8-ura7-lVvq-3bGAz1hUEkyL,ZuhE0jQZ-ihn4-LGDq-Pq8R-1zpVH4eJzIIW,2021-12-13
,,UX9KAhY9-xCEa-Ug4z-YtE2-aQcV4pHaKE5n,,2021-12-31
u6MS,TegBfo,2ja4xht7-U1Ta-2olx-IcUh-fnhgZN4D13uy,,2022-07-10
WCJw,QrUlXj,CxjTM9qS-5Oax-MUTi-tBK1-B5r60zaUcamc,a5BA9HdI-Gg40-l22r-1CPh-xc8xlXSEFxOU,2022-06-03
3Fzo,hVVoJg,cPtTkvEm-uac9-HcEf-iv9K-uYrK8UfcWaDR,uDacpXJR-cNWh-KlhQ-KEuF-Rx4uw89eRZtp,2023-12-24
6VMe,Q1uXjf,t4SbE6Xx-NTa7-Wq9W-fgE7-unBiKwcUnMAG,3UxCjuGK-dRtm-kbCE-zPpn-6LhgJUOKgcr5,2022-12-30
8ved,,,t93eq4vL-fVlp-tpXw-LGYP-Z64LrC4kDkqz,2021-09-14
ZRYH,QjhDkT,0cCiCmTK-yGwV-mEBj-hAhC-iGgJxedrytCg,MxMeSWLW-aGM5-TaPr-stf3-yPfoPe7uz4Wc,
Sl3X,4WSj6P,NN4q9JOT-RU9U-n3Gj-H4s8-R3P3u4c84nNL,,2023-11-17
,kBZ0t6,iGaqjqEo-NhdJ-1U1K-lZgl-eQkoMSRMO8Kn,,
f1UF,iWo8xY,G7zVQ4hp-BpW6-gj9y-9jWv-XOCZA7GlI2rg,,
FWKP,tRA0yq,87XWutTN-rtu9-Vicm-kXF7-YmePcc8VaTRU,8bTY8hJz-dikr-m2Y6-kbKJ-IQIjSkUqDMlU,
L6iR,HI7v4S,uB9OC5hb-8Efc-hJWE-0V6O-oOd0MYuT6tE6,zXIS7IwR-czT7-wioO-8RQl-Dm7dV8hRCnCM,
bUZc,7LiWqn,,WypaD1H8-1L8l-G8c0-uxCv-Xi3k9wHxkigJ,2022-03-07
ZFRH,6mEpEW,98xOkWTm-x78s-jGv0-RRpi-eIsX3Gfarxip,,2024-01-29
CDVd,fRSIg3,XNAzLQ4A-7aaI-SwDq-mE6l-31b0QaJ048vR,UORJLwoX-5Zyc-Otfq-Bb71-fGZMahBbiaP0,
hynp,RZBUUE,gjeU15Jy-4Fsc-IPkj-nqWc-PL5KcxFCMsbE,YPxBZfk8-dkB1-956E-srXs-JaTzOad6BAv7,
hq4J,Ph1yBn,cyRJCciD-WHao-ZNRd-LnYR-McU8qq2DW7OF,euTBeoHc-Iz9H-J9lt-l3xh-Bd3nRrBALBnq,2022-08-06
K9d8,7Vnfg5,ElzE6jES-1O6E-lDjY-XhLX-qHgMX46SiJ5I,kQd4tsKb-pTN2-B1Ev-ptvF-8KiJQcEesR7b,2022-10-13
oeZJ,McRiJv,50AxT6CA-PCeC-QFjT-oH3n-F5FptStPrH0V,IjlUwkk5-lWIi-MkU4-c7Qz-gy9gUoq2iRSD,2023-09-25
,znriDT,HSYWdJ8y-swqJ-G4m6-yuc3-bToSLGcVSfOn,ovH2OLFu-40Iz-wzIL-G4Bt-vsvPmxAsDlML,2022-01-13
3cy7,YMksRT,,WZqOtMxL-kfiR-mLDL-H6D3-UCdaQLcIpJG0,2023-10-08
cMmO,RMdR1j,,895iheXe-uPjx-epR9-WpYa-fHcvAXPRKF50,
zcwG,,hiSGULxD-o2Tv-KETU-urcF-LCDRMX3fRQA1,QUJS2vpq-COn9-oBWi-Qjtb-q7toDOxHDJTi,2022-08-31
,Kn5p6Z,XUcFiFTq-rMRQ-dJz7-AEwJ-xx4eQ4yGtiJ9,56Xw8LD6-MPLY-AbRr-qiMt-ZVbqqiROQ6xB,2022-06-04
1u6H,pwB8YR,xUcFfsBG-S3Zn-okfb-KkTy-2yz2z29uOfYc,Vivddvfr-c0XB-SBJ6-n94k-PuHdfIisGfP4,2023-05-20
z1dn,,NYeaj9et-qxOP-8dH5-GaKS-GxMn4dfHNUyW,cEGpybR6-i75Y-mVD8-QCNg-ritInLg7lJSn,2023-01-03
3iiP,wQHWlT,ktmnLYnJ-R2LP-t0vV-QLgg-QFDi119LhO0k,alpogPHy-eMqI-OZY0-tY1x-4pYS6emr3A9L,2023-07-11
fipm,,fWvPikEQ-8g3w-rDQO-A19x-YF0ppfGIFRuc,TBFIwM4K-D03q-9xSt-8vQC-UKA0hGRHdKdK,2023-02-23
,wL6T1N,b0iQwvgY-nQ90-lw4i-Dp1k-CJPoROdvaNDx,mZubWTjk-8MXB-9rSI-MWxS-VfzciCHwzKqO,2023-01-17
nGMj,MuqwHT,GfEjjnH3-NP2C-AFfI-K9n9-dKNHGgdHQhfK,ZTklscP2-BVXJ-ks2h-NZvP-H5vszlUekngL,2021-10-07
AvY2,hGD1oE,gyXs2vXr-10HL-o3Ew-YKFr-jfxzk7AcEjNQ,g3dwqvTN-VPS6-Ar2A-mT0g-HlgGhHAVO9nh,2022-09-22
VMgC,,KlQIJfM4-lE1S-l9bk-agy2-Gc79f22zhRWg,,2021-09-29
,BS0u1m,,,2021-12-17
atCx,ceUU4p,rtfcLePk-Je9R-cj06-ioJ0-GjyUB52BkGCy,FoRHXzgm-Mgzn-wvqR-iFFb-he3930vS5vMi,2023-04-11
iiaA,RxfHIl,NvqDmkvJ-pn10-75U9-KWE8-ZIAJsANjqJ7E,cw1P0Tih-DZLX-rfhy-hAG2-KxidA7JsXhu6,2022-04-29
UTez,wQd93F,4YdEVN6f-qkY4-BKPy-UjBB-ceVpAp7vMbHN,JzuPdjir-Dwow-Fpxc-PMMn-9ZbMPBa1VmgS,2023-10-24
,2GgmJS,kgnvUZJk-6083-zB9Y-1I00-DmSNLbHJdQZh,5jAIRncf-zBgc-uLxp-tgDQ-HKx85iajwC7s,2023-06-23
r0M1,pcZoZ1,m742LLOI-kpyN-eVUT-SZ0J-rbPKjgmqATKC,gHPhO0yS-Q4YD-qWgK-1J3S-7kPh5yPXgDrD,
BUMY,,,vg5SqZ2g-MhbJ-pV1n-O0G6-iLKYtd2iX6MI,
2mpA,yzq45r,ekVWyPCb-J53U-7urH-sN5T-zt2G1Sv4YS99,LDZpLxi9-FYNg-YHLO-pcZH-iVg6kZIeaJZy,2021-11-27
UMOA,fmDDpV,KI7SGFwX-kdR4-9Yky-bnlW-81OJb4rtZuyu,EjXZksTd-T84Q-ytls-n8je-VQHUzbv30iCy,2021-12-24
5HvU,,3b9neE5V-tnwQ-bcOc-TXI0-a3NakdApSywt,WvrQLPCb-j8pL-MCUo-B51x-MFumRR3RR7AJ,2021-09-09
0mq8,,FvmdDYPz-dgYi-zSjT-NNKf-YWnTtiuhlH6K,P3OiXsep-buIl-dRqe-JWRA-npn0N3n3ULmX,2021-09-02
zF61,wnuMVD,w0fDouYZ-kHoo-FuOK-dypW-frEU8ne1wD2d,ekQQrCNe-iQ3Y-BILN-YlLY-S7zAxgQ7RpeB,2021-10-18
D1hC,qFyfPg,ilVeq5MV-tDSN-ABlT-O5hd-UZdc2QSldewZ,YGP9vRNo-BsY3-WFr7-72Mk-uWKlfNFgN3L6,2022-06-18
FrJb,I78clE,,,
DRhV,,nVdPzDTZ-vXbY-PR9d-KBAw-kSvM4EVUZakn,Fr3gLgql-6eYz-91o5-C50Z-Pq3DEUHyPmZZ,2023-01-14
,,L55B3MqF-3gtK-LwYY-yl2G-9v5C5psZZ41q,42ByKaQV-6e8A-BFWD-L6fB-VyZ16Y9m6aaL,2022-01-06
,,qufGq9ZE-ZzhQ-CpY5-dWIJ-1tLGCGFHVXH1,eucBFqZ9-lS8Y-qPdt-3IaL-QQ82MmoaKQxi,2022-01-31
p1Ss,6htKAz,,vSwp2Tvi-Mw33-xC4x-Rsb7-AOroAMSzUe9V,2023-02-04
,,pN6C8KHN-AFJo-1o2t-rv5U-wgeGMmrR6z3J,TSgSqXeN-vCk3-FhZ4-dPGY-CHYGYPYpydDL,2023-07-31
,KeFM1s,LF6qjugO-eCfe-WF4b-Mx7j-whVaJipNppnx,RlgxpQbP-Mfr3-kUt6-YP0k-dKl18x8ZsfBm,2021-12-17
47Uk,JXca2r,pM8gAvs8-duZn-MBN4-OpOQ-YRBUEpYO068I,,2022-01-13
gI2G,qNGCWg,0GOrYCnu-HNt6-zgn5-0OZW-bJUsEdCn7QfU,oStOCzo3-YNr5-T9X2-Z6oD-pTNzY934dpv1,2022-02-08
N231,dEZWzS,,umQ6ERrZ-wp7k-7VIs-OEtN-oavRdAemkVAh,2022-03-14
,xQjEuz,XB9FDBQG-negG-wV9Y-nKo8-z5PbBIr3WxM2,Hq9OV7dz-12Tw-WIXn-uGwc-wBHh7nPXfnmN,2022-01-28
Ccod,,NeqpZLF1-CeHW-x2FC-kl0I-rWifRA0aetBv,XRc9oyiV-QYHf-MMjU-A21d-rx74z9Yacxib,2023-02-10
ZXCU,kobp58,SbpO75nK-oWeo-gENe-BkwO-4F16U9pGT6Tg,P8HNLCSN-fsKJ-YoII-Pk8L-9wFDJSForBIQ,2021-12-08
iQZO,khtyOe,w0mVJZ0F-RjkO-PMy7-9uPY-MDWCQq5NJWyt,HGT6hq3D-5MQZ-kOB3-GWww-HwZLlPBTWUt6,
wgId,Kz8Md6,Wc40XwcC-ohnX-Rj2V-Ys4Z-BiTi2dWMCFi3,I7jaXJyA-bxHG-rREJ-1Gtp-mdRmkESBPZuF,2023-07-13
fhjR,,Y5a6qB2A-zbsg-Tt5I-ZaTT-8At3GIvXctl5,y5JEM57J-DUVL-q3Mt-RgrB-4nEyW0SM34ij,
BZCO,zuztvp,,tuiuhXnr-HfS7-h1wH-aZ9z-XfKYxxUbdrIH,2021-11-06
adYU,bfX9IL,sl48i91f-MFDc-mdcp-D9hB-EC8x91kdj0Na,WpgHh385-aCR2-HpoF-FxPI-xdu0kSCpyBKC,
7O7r,,s3lUBpv0-bLLM-WbaC-y9RQ-V7Ai1LSKuRSe,NHh9AzKy-DLth-mwJZ-WtEK-UjRJYu9xBNvv,
QIaI,Yznlvx,,lp1TVrRx-0Tj4-STqb-uyzU-P9mF8wHccI4s,2023-05-06
KAg0,SGY4rT,i5BHgdtm-7L6b-D3gr-Rab0-1GNJxuxADVvl,qkBR3uhT-Uw07-rHte-lX73-bW1xuWoHEJxU,2022-07-09
NtKH,f5fDRC,W8BX2opu-mFe9-fEaj-sOnP-ouJ5K3V6WVxm,ZM9T2Ko7-VnDU-4c2j-iq1J-dzjTQlAJF9UF,2022-04-04
DdiR,,5qSgZkOp-0Mgx-CBo0-rCy3-b5XUTnARrIGq,I3uRuQhI-PqVv-8tIU-uPjQ-hG7QzBsmNXIc,2023-02-19
0Syb,,r5DGOip1-dIan-OYJq-eqAM-imWBhUM3hmIu,kKd3M1H4-oyX0-wa0a-Epbp-bjS0EKnesykf,
YyXf,EBASs0,,g9JxpAVs-rAvx-FvaB-BT2q-M9TtdJQj1O0e,2022-10-19
,Jb8OY2,,,2021-11-04
l1n8,cxMMiu,NozvXXdF-HS5a-tT3n-k0Em-UixHs7CvfcIk,,2023-09-14
IyYb,ze9rS0,TPg144sT-yZPK-n94n-4Lki-ObyCmePoPrwI,Uwy6HlHr-zFoC-mwD2-zALl-Qx33roNnvaxy,2021-09-11
FyJn,IgA5st,K2uC7PKE-25s9-d8ls-aujj-O4Nvabn1TOW5,U5ty0i1I-gzHV-XQil-YJkO-jpeqVGQGpZ0R,
,d97g68,WMnOV29o-PXtM-lVYx-Yc2w-wcjAYoHfcSJU,Nc5lNIqI-qdNH-jiNs-1n9X-VZZ1hGz2W7fT,2021-12-17
4Dbz,FmgoAK,,IbIg0wjn-qYRe-LCAT-ktCI-E7BaPdcO1W0n,
,V4wzFc,,ZxNqQHuj-0kYg-APpL-pXxL-8J7xYVbbSOFs,2022-03-23
,,qRCBp6bN-UGbh-GZ1j-OKuW-CjsfloPBzqcB,YaRXmaNt-IkNX-3eIb-8Nth-CJYhh02UqPFT,2024-02-23
,xrhjVt,YQd32YPs-6QCd-mz7f-xiW8-iGogoJvOM96q,mX8ygppQ-02tG-2bwU-aHaD-2HO7vINTDfl9,2022-01-10
d37Z,zxlMfR,wDWW4xyc-JCyV-cQSr-6kO9-bSWFSgxou8O7,rz86WHRW-WtKF-ewoz-Cet4-WxGM3GnfUKYe,2022-11-15
Pjf8,,WzCnVitX-JAFY-Ry5z-MFiT-5zNq3cDgULAB,TmawMy6F-EhDY-9Nt7-pHwn-irXDasFEJm6V,2023-07-09
Tr13,nkgcqo,X4W5HypF-AYV1-kDwY-Vhho-jtcXM0Rj2LLc,ScgaCUfx-1lzj-YBps-ablf-9HziWBb1Hwkp,
H2hA,PiVqCi,,,2021-11-26
Ga6J,,8Mz75gNq-mqww-8LGU-w1BS-a2JJULBASEk4,orGfxTML-tslb-0mu7-FWBZ-fwb7fRdIu3as,2023-07-24
AorX,,RSGA9mvh-auaP-tRDJ-wApO-3zz8wx0onZof,gbHsN2DJ-56rH-K1Nd-nQBt-lJXQtqlIZKr0,2022-07-29
,tIaoRd,kAVZSlGz-c8mU-CyGO-ZHwA-zyiFpc4AWncA,Ba8xBaTZ-coUk-JL2x-b3J5-t55gepp6HVqU,2022-01-21
,UH0pYe,Npja55GO-YvfK-5JEb-GGB6-AAI7Suc57fJN,ejWdi6WM-vf6C-SEwR-H4EF-gyUjT8rkyqnY,2022-12-29
30lW,z9MKwk,PIfJQRXA-z8dw-fW74-EHDX-UXXfkXy1gGVG,w1CJXIdg-4IoO-DqUM-aMbL-gj4qJd9N6lCI,2022-08-20
tqq0,ajQQWq,,iTf0EINn-1GOQ-8KxB-2syb-pntYIQ1Q5B9U,2023-09-01
LD7Q,yObQd0,JBN76ezS-wBkJ-PfC7-j5BZ-7gccobZqwbZq,F9TRsUah-hsF3-qSw6-15jB-byawXPeExFJy,2023-06-20
9GVI,OrtN3R,hdZiTA9b-Xfoc-DCmz-jXYG-UP2Ys0kONtdr,vnb5XbwI-afsU-OC8e-AfJg-fHMNPmKlwJt8,2024-01-07
,NQykBe,QXrLwkCl-KtHK-B8Af-oseX-CbeXhMEoK95C,uilnL77g-4Brf-cLmJ-HtTs-f2tsc5d2S5Pp,2022-01-20
7pA9,IcB8RC,eFQj175u-9kMS-bAXS-G9vY-lXlewDMp56nY,,
qrN3,wCbobA,UGkpfmc9-Dfm9-IhaB-EVen-PkimP87iCrEz,YuwQpff3-4k0s-acAh-x8Pp-HGNdVVJu6m5s,2022-11-11
Nxgm,hYeWG3,y5RM4U9w-Sxna-4vw2-utKv-70Ch0oZXN30n,DKaPDykR-1fx2-Zt4M-dfZL-UoIqzm5bzXoS,2021-10-19
RJUi,7mzmHt,sWjGFYnL-Ebvp-tSZd-OMxK-jm2BZrdQRpGm,B7vNYrlz-cNNx-UeDy-apBw-kRL36ficpsIg,2023-02-26
IJxr,8mR30G,20ESZTH8-NBiM-mBYj-tdAR-zWSPoIw9GBei,sOocIfSe-wlbp-G9kw-qfTd-hMqIiZpSTkeX,2022-01-14
cr69,hJKw5c,umvDmHOk-ucAz-d798-eR3R-Tz0pBoJCcqpB,LB8TaFz9-fuVt-X2A6-I2UC-OhiQKw0MGweO,2021-09-06
lHkp,SZMZDi,qzcHjieI-zJVG-JBKP-GwQa-uxnzqzX5qyQj,13UlUIlm-Qvau-nnWv-HkbJ-ebQWzsHcPbXh,2022-02-25
WzMe,BZ6nYW,Z5jLrhXE-S6dr-DfT4-eZWv-IgHmicNgDqgK,C3pPZdc5-P5K3-nn3R-GpNw-cts5Yjxu7r4v,2023-01-11
SHiH,X9sK5o,,xU5zpSe9-E2eF-n7re-erVp-puHrA7tSXZp6,
3d1f,K9vk2P,77zLbbLL-8U4B-jeOt-IqMO-fWyjjhypYJOg,QlluWBB0-wl3Q-ENEx-PdDH-BKv9JoifyWOz,
o5pe,tSsNPO,5QS6dAHt-V0ry-kVYP-hI44-0rbzk6wNMTBW,,2022-01-01
QGMs,JJ7V3z,,D4rKZrgv-kKR4-ryqp-bRdM-eGGAqbGiZJz7,2023-04-21
,,nl0sWqiW-7Y4I-VwzD-90A5-4qiLu0lGB4QR,,2023-09-24
zpiK,6Vxivi,SHJfCS1Z-F4j1-DpC5-wPR4-e5PRfGLCRq60,,2022-05-11
oFcu,,,NIcssobG-ylcg-E0zD-zezq-FrtIwTjmyT7J,2022-06-23
,d3QjsZ,dhYyzjmn-tiSG-4AYR-ekO8-2KuryuWPf7Ds,xJL4IFeD-Bs73-bH4C-DxiZ-NZqjwLsj2n65,2022-12-09
9QkM,5mlh78,S6gKhd1k-XrY8-C80u-0WAs-Ev5f5IFD3Gu1,,2022-09-14
ZH13,7FcYDP,KMHcxOj2-bupT-IpCf-YDEH-nWV6xSQxju7F,,2022-08-26
TIQH,,82CGMtQO-2WDK-KoOf-kX3k-5XFBTFwoudpj,KxogvTB1-XA4S-pRfn-aHPC-rZ6sQfMAph5F,2021-11-04
Qr8X,,f6BYViT3-EW4b-2vhf-4nJy-Y9aXrebtAY2z,,
dVaW,VS4jMB,G7YRcVnl-tdbl-NS08-fquU-TRM0foc1lwmS,sm04ascT-7QgB-alvv-utyN-jXGsoGyGU2Eb,2022-06-18
bqpm,kmieCS,VSwzC5al-xqPx-eL0j-igS7-lKpOV73U6x2W,0TEha1xg-Xzux-cyVT-yqBn-N7ixxWfdbzS7,
6YOw,MBPK6U,JV7Ug9bi-aud5-cXtg-3DWh-K0l4WERjo0w1,xvlncmJm-NGU3-6AFQ-iMtt-VqTjYNyxF4V4,2024-01-04
XUJL,dFPkuY,MeWcJOce-5jSp-667C-ymSV-BY5g0M0U4atc,ULbUKDlx-eDx8-N0o1-E8fB-PxlMVzs4ROTK,2023-08-19
SYAY,bQbgUT,qn3EOyZJ-1vAb-NQjm-tlJd-4LIBmmDs0wiT,Z5yqLmgv-IGGi-Ci9D-XVnU-FNcc03a0n6Rc,2023-02-07
dMUb,OjNI4V,22UVCrCo-Xvbt-TsfE-BBWC-PCyz8V6Nfqw7,UmlnP6SS-FH7O-qzJp-SM6n-072EQfXoc8I2,2023-03-23
YSax,,7pCil7Ix-XajQ-gdLg-CRkP-LLDJk5JWpC89,uJl76boZ-8gzR-x3ty-dur4-q1aP4fZCHdaj,2022-04-03
,7B53Bg,,fzMinwy8-l90P-Ho2n-nJic-pcnVWlv79rgL,2021-12-03
qW5O,qykqfl,nlN0smK6-uCfB-kxS4-eew1-U4uz4uJ84wmh,mXTsGurG-zqv3-lb9V-Yaf4-gN4aaFwPbQ7d,2022-04-30
9erg,8gFQP8,9s1xdfjb-QBXv-rePu-gerg-SCT20VAbOWFf,9emdhenG-MsP9-bxRh-5QzJ-kaf9kb4WziaS,2022-08-08
HaLP,qr9uEL,j9CVdDzA-Dkjm-t9WM-n5qn-gLkIM8AVP2uQ,XEC58vHJ-HW3Z-0ECA-MyT5-PTlQj1mPq9Mn,
FrQL,BtgiFd,7gdDorzz-S0B4-fqVo-dhYB-4tyss7entSoH,4mrgzFCK-2Zhn-jSpE-HwYr-WKYtswCzcEji,2022-01-08
LYm3,SYC7Zl,xtZnx3Gk-1UZm-mGCh-kAPT-OLhSshdtbqV5,CZiCeDC8-DPQw-S816-GX2d-7ojcGJCQTL40,2023-11-06
,9BDXcH,,jpZ6rTfX-Atd4-8IH3-mPDo-fsXXOMPz67jA,
nseN,,,5T0VWLZX-dyS8-OcFR-Bomj-MTFSpuUtsgIL,2022-08-14
ivzB,CqLFXd,8HXvZzAJ-04kd-C4U0-3URZ-EIdWbM8YA9G2,,2022-08-23
hw5y,kKwVym,d3zzSf9U-B2EB-Mxy3-3PdY-Mg5YspKYVZsf,sP6Xn3xi-zk3K-sEn7-S5Vx-96snwsG3eOdY,2022-10-31
,kvzSNB,16fEhUjC-euPU-uEnb-ptER-xw8EvS0ab7Dn,NqlNngoC-FP0q-829P-llDL-5uD0f5massbj,2023-09-04
dPEp,UvRmgG,MlIyNhzm-o2q2-HxFL-697t-JqtZMU0sPZsB,hTkFntAP-ZU3m-wxLC-owcz-Xs2mQWqrtlB6,2023-05-19
KNOS,oeLJmQ,LNNhyGRn-mcoi-5Buj-XdJs-zqw3rcainTj6,6IH1BSIm-bpFB-xiF0-dxEV-lodCgtCoMa4x,2022-07-10
WnLK,srdvRV,miXz7csr-bz2A-z44m-jML9-FocgzMqLkJf4,yD9x1M0m-apq7-tIpR-7p2Q-qQmuWnXQexyr,2022-09-08
oT8M,jsmRLt,iX3zUOOh-NmN1-YXNJ-VdzN-dowK5CvVZdsQ,lhjYf2My-wO7p-u962-rMgE-aiP54oKCvrbJ,
,ogHfxI,,wFAYwjGd-V5Se-VmNz-Fihm-VwhonvFphZQS,2021-10-07
A72h,6zOfyv,gHnID3hU-G8HA-shQ4-PAVC-yJTBaCNx9hKK,uhLwY9uy-AQLk-fhqN-uczg-2MatdrHZXNbd,
iigJ,UsmKjr,2yjVgsKy-PQP5-S3O5-h3vg-Kqbswv5CntIV,om0BBXWg-RxL8-nUAz-iJqp-1kocwnEMPXhj,2023-05-08
,,NFK5qQGv-vCtR-oOwx-KTBK-Ml25Biw8L2bb,bmVko1TA-pdkH-P1K4-3esQ-IzgNI8K22VIy,2023-08-08
q4Xj,bDarHi,GPXbDBbT-osK5-my5j-sloO-fsanx2iJjHQe,u535ZCrl-FYVn-4Mp5-xyuv-vyOaoR9dPzlx,2021-12-11
hxJt,8i893o,jeuPnmdY-Oq7K-s4VJ-WYPm-ull1rsT1ZYXQ,bbLBrgHW-g6Oj-6GPJ-b0gy-DizpOMClWnXV,
jY2R,6Ldgw5,cBBuggqc-AgNd-WILN-zu8y-3X3jL1rgE0rP,,2021-11-19
4kIQ,,,,2023-10-05
Rky1,IX2LjC,,kwYlx3nl-QMpo-zC6M-b06m-m3RtVxgvT95v,
lT6f,WqQK7c,9TsGK072-UP50-sbnc-uoE7-vlj1M0AJZwz9,jFdlEpkZ-FT3V-iMmg-r8EO-Fl0qRxL0D1oB,2022-09-06
zMTJ,sRlstQ,YeBmvN5D-Ch5Z-al0j-pFKo-uOuZkH5o6qbz,Yq5iTGU4-nQk8-5adY-TmJT-PlXbTPdgLeXB,2022-09-25
HImE,ihhixu,zEKFHGnb-EW6c-wgHc-pyXA-pfmqQYTHSBda,,2023-06-29
iLSt,aNjkwY,zJyYNdx7-kTwg-KHxd-vQPm-Iw5E8tNpmrSR,5lzCguUG-pigq-G47E-o5rM-cPMIvGmEqnRp,2023-10-26
WnnG,NSnRvG,uavTxBuv-pBtW-ZGSd-nRCy-BC91mb0SeeWe,c1SCIpFi-vxcx-Eu63-kRUk-urw8kwvuuQH3,2023-03-05
DMXZ,S1gjvp,Uik8640G-msjs-MrWn-FkKr-gAvD58UiblMh,nyrahObp-4iPp-L938-O2mr-sHla5GJl9T9F,
vEL3,hrPmSM,L7NKyQYW-XsqI-GOtf-Cgog-Xm0sLsKE2X2g,r8MU06n5-IHWc-JeGA-pP5j-eK52Kg2CYr1d,2022-07-16
pKfi,uJV4zm,,KFfeBJBA-XbTB-P8TF-uyHJ-h43tmYAkdPan,2024-02-29
0X3f,,MLpvg9sO-jK3d-rz0E-fptP-7ZjzRM76dvoT,LKgS5n2o-tsLv-biBR-DFWs-fvRUkZTl1Cwt,2023-02-08
,,,GrUouIvq-Zdyj-8edS-OuEQ-odYI0RZ3v4PU,2022-10-21
,KsJzDb,PFwU7X4y-6MHl-5FUC-r5qA-4THmHa9lqnPA,GeLWrKCB-m6Gu-emwT-aoP7-Cpxmb2t4NaMV,2023-11-12
LhHC,mzxVOG,VJCEGMIN-vwO5-GfmO-s2KK-Z1NwsQXfOATF,dmiM94U6-g2Fs-OuU3-cwia-J8txUdR6BTqi,2022-09-25
1HcD,t31LU6,2uIhqzMB-Jpkw-6ElC-IpBi-hUwrwA8r9IWH,7wQypFGW-7nyI-BzdF-RmoK-eVK5OAmJKjma,2023-04-24
28YZ,,,KLUKRHdW-2vJI-D0vS-1I1s-tuHPNiRxYoTl,
,NP1TRN,mnHAg77v-tp3I-VVbA-iEOO-D3SPln9q8JZB,,2022-07-29
ASoG,cwIZlT,iL9a2v8Q-F07y-YcGy-huQf-DlMufUXVXQCH,,
tnWT,F9pvm7,hwtYNiwW-vqdd-0gWo-LLt8-OYcCMqaolYfU,44r8W2qt-TkA7-WBiR-BAJ2-p3yszGzNW5gO,2022-06-18
tslM,b6YcAh,mJuDdoyH-2PCU-fgkJ-xwRe-BvJnRPai16X0,9Dr3zwyv-uqEZ-Q4ZK-uv3U-qgmP1aExHKkk,
lTVg,,,CCMEWRq8-ppWv-DHVW-8C9B-GQ25ciZlX9qw,2023-05-06
NBw2,TstfNp,1BwZdM88-GSRq-aJqE-a5aD-2bt3PtKrnCxi,4sV5l8qI-ljGD-zyRx-bqCN-7iDuGNqB8jaG,2023-01-20
YrQT,OITLsI,yqvkARxw-ropq-fA4o-w1jA-tuv1g00j6oZG,xQJEsNPQ-ol8F-NP36-JI9h-P5wlP4UfmSU1,2022-06-10
P20o,ZdjfsZ,xaZO05kT-TPFW-eX76-n203-m3TmIkmsS19s,pey3FVjx-pjXG-W06D-1yE5-k4Fq3wI4PbGu,2022-01-21
pLKg,wOnUWP,x1F3ESFj-FY27-gqvb-KT1n-cKURRIZgIYQc,ERXbHaPS-rtng-sgAM-3YnD-se0L2C1dCiaR,2022-07-20
RC1Y,FVlIXN,kdAyje1M-YuxW-46VY-Uzg9-VmmMw4sOxCVp,6ShTjFLQ-0XHk-tScw-mLId-Y47ZK2xqTQM2,2023-06-08
fwEi,qY4ZcU,TB0MZjqZ-XNv7-rE1j-xs1q-NWYeGuJpAnwB,zQVfDgxl-GNSo-8Tiz-sLMy-uhI1obzJHM5U,2023-06-13
qhoR,mTQQcO,HYaCYTEl-RVsw-lDZN-0IOm-mdFVh03eV1bK,,2024-01-21
qy7w,sF5zpV,Cj4L0iIV-p7Rj-ALUo-xnuK-ncdlOXv91bEc,XWIpTpF4-1LrV-la8V-DIov-xooehKT5zr8I,
wtLb,dAmPS6,,so49emkA-v62z-Rvdr-38h2-4Hk1tYmcCeD3,2022-07-22
QtEn,2qCMO0,SmAJt9MC-IHSV-lKX8-bcs9-Ix2gBvvZB5ry,AQGPhtsk-SfaH-YXFD-gAbI-XBA6v7uJ9oal,2022-12-12
3HnQ,bAwNmL,,hnFf6220-koxS-x0xY-kjyq-XLLm4ibblt0u,2022-05-07
sSg3,YPYUeQ,hjQepDEp-l8d1-oGxD-M9be-LsLkiijqiLY0,tPMv7RY7-Xvjq-63aa-5LIX-3sb9ZaGpDzbV,2024-01-03
mlHd,F62e8N,CK14phLI-UyTc-xjhM-EkWR-o2aq73VSyrCD,YL0qQAaz-n3Jv-y0vx-aNiv-bTwx4tiiZQGE,2021-09-13
,QKK5xK,mD2UPdax-Q7BH-4s2t-qtAe-AZkZRP1g0GQM,,2021-10-03
NxjL,,03afZhTU-9cfv-hF2u-83d2-OpDpPx17xYss,NcrLa3B1-fnEP-Rhdw-ZnRm-9h7L0cWGuGzu,2022-07-02
hyLT,,1BE0Tam3-Iah2-2Yi6-pfwS-Kmt0bIADXP7p,2lxMMZkx-ztc1-InbY-C1YR-rTxeXuu9MKkM,2022-09-02
li6a,3gEdQA,elOSC8on-spNr-Ye3n-QxP8-tq2DEng5zVuE,uC9hqh2K-k9bL-wk5Q-5dI9-pURXXGKiORJw,
17fG,jFbR0P,fgjaGpxJ-sGfX-keQT-RRsp-Kcc9RcAPWUi6,qrDwnMoN-Bdgw-YW2b-e0j3-BEruNYb1hO6H,2023-06-01
uvXQ,b2tUZQ,kiKw24up-uaKS-uqQP-JFyW-JMrYVEUU5XTP,GQFbQvkP-epOy-s7N3-70g5-GG7Ztz1QNIst,
,,,8JKqpVo6-Xh7s-TBCL-tykw-DAwpYsPaNdYI,2023-10-04
S5Ga,DM1AUB,,,2022-06-22
aMth,5TqwQK,hTPkBA8M-RUYX-oVlK-okqJ-fg6Xwm1jSoDz,,2021-09-03
83UA,bazAkF,g5k7APIT-dzXA-6gyX-QK5l-EhKKgNb3O5t9,96OehL0D-175x-alHx-Oys8-08fpaIpmfxAB,2022-02-27
uk7l,,i8onNXzs-YPUF-THFK-ogFQ-cd0B73ntPavj,,2023-09-09
,np8sZs,720lHQ9Z-w84t-5hfr-xyBs-w3XcE1E8Qejl,,2023-11-04
Q3Gx,yKBZpe,81Gpg0Se-9hiy-tb3n-bLt2-CUM3zYirxjjl,Ewwxmk5M-jZB1-hVp8-PbaR-fILEe2deo790,2022-05-02
R1aa,27Hsjz,cBevGXyb-6muH-dxcJ-rdB0-2MOXXiXQ3V6c,CfrjNf2f-wkdC-FWkC-hSyN-6OgDIiBWEjEO,
G7m2,QxZ9RK,bkRyTYfT-XKzl-tHOf-GleH-WJtSOn3Vok8A,0U67lXfu-iioD-M4vD-DGAk-ASmlTNtPmAHI,2021-12-06
RZxw,,xpi5yZdh-Gkgt-uxu9-5p4Z-LrWTsXGYEqtD,W7WzWfZi-VAp6-aEsS-fY5j-GQtwZwnvrVoO,2023-07-01
kdAq,,RruyPqJg-NkM2-CSgz-IxoU-HQarjFy6S0bN,JwIcJW7j-P6pk-M5qf-5rnX-szR9a5g9txC8,2024-01-24
QS8U,msSBEi,,HM5zV5Pu-yG5T-Grz8-HD3l-OQ3JEtmB02TX,
Cb1I,PeRGmy,NzQr5Rfe-ctdV-VkdD-g7n6-FUIl4p4Sg7RT,X1vF3Pnm-rL2A-dpjg-8mhR-a8xxfQWuOdS5,2024-02-03
eUV2,NYYpI8,Rt4zgPC1-JIzi-jWIo-BHA7-dPbpEzE4DZfC,zva7MlrW-Qatg-S0DG-1fLj-8WrWerNJuFoE,2023-03-20
cbC8,,,I22eghwl-Giv4-cnU2-FtUi-2aa0gxw6o4Rs,2022-05-01
aznr,5Zc1Gs,Ft7JDWBp-Nv49-ayPX-3gmC-fKM4UwLQVOO5,GH0PuVy3-cLtT-lqxZ-EgrB-IW7Xh2XnDUQZ,2022-06-03
Mtcd,F6YOgs,0o4tsssp-ZPSs-qgIf-0p9O-tj57ihrY1pZJ,R8EsHrMI-lTLc-8cLH-zo6U-bpa2p9epfoAb,2024-01-20
FjnZ,,,,2023-07-09
,VyGiJB,cIxjWcve-yLD8-0yVR-aNET-xXHqJbO8VIYE,8H7SnuOj-hlE2-kYcH-JEGz-9hY3AeH3yPxX,2023-05-12
uYeI,QHDVFp,4KLwQ4fn-r59T-VZV8-LjTZ-5X85RoWWoQ2M,eU9Gwct9-ZVZN-T42T-VwVY-KqgwJca8K69q,2021-12-12
ut9N,xp6HZe,,GjDKBvf6-iyEX-A2wA-aBgC-y1ivmV28eNWa,2023-09-11
,,fQON29r5-BrPR-wnNu-9xTf-n2E2GvvUEP2y,kHmk1g8B-xGMU-TyCK-7jCg-XotLePTy7aka,2021-09-20
,mIVi2F,gZo9MVFe-n9U0-057x-otOU-b46m2F7dVlB1,QmKgUCKa-LgRN-gtnS-kUGv-kfoRULPhTbtW,2022-03-14
MqE0,Bdm4Vb,QmIeX2SG-xKme-0Rbv-R1F3-uHoik8WtEmPX,oVASVEpq-fauu-aHmo-azdn-oOfjvVk6wr9Q,
,QMh3e7,xedYAYVY-NKjd-CxyR-Vtru-CQx96JtMn3Bj,FQnP6Zcr-Lx53-u9UP-K14s-yLE80VnQQV4R,
Ohgn,8gwOVh,y9GX6RS1-AEiX-VXRK-O42j-UgycEQeFtT9z,tQ30aVET-fv1G-toba-WIqz-KsEUP2BpOv4p,2023-08-09
aaPR,,F90pcmSr-C2BM-RQP4-DY8m-PeqcruawKxpR,ZHAqXjiN-T2YA-bhe2-eCe4-HAjHdAgDy9fS,2022-06-06
kXNU,,zFe1sM5M-LgSB-8zSN-LeSJ-EsAGICVT0Aot,QT0bcdo6-zO8P-YbDe-mhWO-6loO5IRscrFe,
ff8r,a3hRO2,8RoUb4IQ-YjkL-FwIA-C04e-eBFuS80eUAjG,,2022-12-01
DeNa,PJIbfk,,BnEb6aDM-5RNR-HKXG-HtDd-uku872YDLOx7,2022-07-07
6uEQ,xfyq9P,,L8IbIgrf-Qr1i-2gzO-31Kl-Ow3eReHparpk,2022-04-08
,xFmfOV,ayKSr8Q3-83OF-a7Yn-7sQn-LzF1eoRyyEpp,,2023-06-04
NTRR,IOeGb6,7NUhJk6R-UTqU-LLRh-Hhio-f8fXVfooiDJx,6LQ6cGFx-kbaa-aNbz-0Nxq-7scxieA6BBX8,2023-11-27
XdR6,,i1y6aCP2-G515-cI3m-LH5a-JiINRPY2KoET,PjUnZyXp-XDRn-CDzU-sP7g-zFDMXqdCpx8t,2021-09-02
Zh3L,aoAhSB,CwotuAdS-k7bs-91PO-qfh2-qPzz3qm2Srcj,vQs256bj-jyly-NbOb-TxTR-EtErcGiugRCr,
l4mX,gLN7vZ,ZOzZsGX4-OCCy-h47J-fmv1-ulRfLE2q9U3V,pjM3p3j4-Jju9-05Ba-lKCS-evJyn5dRaDSs,
Wfnq,1bMLcc,GlYgRLlZ-PgYi-6PPv-sRzr-qA1n6KCVxKyZ,YWOs7eOd-jnXF-DJBK-wKl5-cHj1oI6Vq1SK,2021-09-15
,jruLVK,BgOhbvb8-lMbs-67Uo-aF05-NWCM0wEYmU1L,,2023-11-01
vUzD,LxlK5d,,fCQGwurD-Ky8p-rmWO-B3Eb-q50qfcERQmWY,
9BSa,hdD7B2,,kLSeItaZ-YKyz-iqd0-93JA-OqOIPz68jJjg,
E2jx,,,VD8KDFy2-rA8r-IGt3-Cz3x-BKKBAPt8S0Us,2022-04-25
Ew0j,dsnOig,,xnpOhJ03-aQPP-fw3W-d7Zl-nAddj5444voZ,
LoFH,0p3agq,cK754ceK-6Sy0-DPjD-Evwc-JwyiLUTNq5Or,uqbptt9W-HFVu-RVGp-0vsQ-Yh8lIafzozJm,2022-09-24
4tcS,HeF0uC,lUX9HDvQ-9XpL-JbWw-WqN9-PHNVnafePSKB,b7FJeVz2-BDOY-Vq8c-LTX9-mzkz4VYc6mCx,2021-11-01
IIr6,,fd85QONu-cJlF-RTwG-h09W-ugq3nuDWWRjS,z8X8hL04-Eu8w-HZMJ-KEvn-GaumX4jBqYLZ,2023-03-05
lXKx,MD07ez,Jd5EVvEY-6asM-tleW-bxnK-RurLKoJQE4nA,,2023-05-30
B2UI,,1hPrWhTG-h5ms-4C6r-DCN7-IpTrEMyZIKzU,xzKwnNlW-HmYM-59a6-CFEP-PcBGqhV2itjg,2021-12-01
xhZ3,ALnR7m,nVNhR9ap-FmyE-FWzU-xrRP-Hw7aIWPzU3ex,drp8F9IA-mdwq-CZya-pOdK-B1GI3pRKVW9W,2023-10-30
COSm,Baps4B,,U5KIFc5H-4gA1-P63v-9hy6-1YJSwMGj2Yok,2022-01-15
BXjr,id55Vb,iHdhiGaj-IGz4-kU10-ZiMz-UFo88ZVaFrdP,,2022-04-19
,,6y4TPaDL-S6ej-Bpnt-HMsZ-9grdDFrcfBlT,10vqfGgB-BT1Y-FssK-t8zV-8GodyycyGSEj,2024-02-09
,jevbWb,bY3BvN1B-Eanw-IQcU-FnFo-1qD2q7wHoRkg,w8frq7iR-hdz4-RLrq-YgFz-6oOTJRkCchRe,2022-12-14
cICm,1wl7g3,4M7ZooUV-vIOm-1V1O-cqZN-DxSM6CpbFKlc,91ql3U4c-ZqOw-1CZm-zS6n-Q0r6vkG5ARjl,2022-02-02
ysnb,II6FoB,,,
gq3Y,k3W77N,TymbLhuC-2RBo-lVXs-vuzJ-xocFZjdg0qFa,s2mJ7Jat-P7EU-02rI-eF00-sME4gHtzlmcP,2024-02-29
,NDpOhv,,,
meJ5,qjkX0R,XdNiaXhd-80gg-ncdx-2Let-D04bR7nAJbJu,,2023-09-17
5Xgc,sithlz,VDKYcuS5-IlMy-ax9p-qGIz-Tv2bskO5iIQj,,2023-06-14
xTFR,ISbqwf,,eJQBRVCu-KE4m-qEoA-TEO6-BLSju5nzLvvU,2022-08-15
,iDpt2j,CvJwh5K4-8kSi-iDDr-SBM3-DOiEovw3LiFP,KN0rnoMe-c2AM-LiyT-jeUx-pHdiEcRmnPiH,2024-01-14
EwIu,pwxB5J,,LBgnujhy-ck6S-EvyK-jt8u-GxXDhqAyxjBK,2022-11-06
3m0D,c0OKhG,c7As7ClM-4jrD-5Iy6-Aepo-yA78tVrAVUUP,aCi4Sm5F-nAtF-QC2u-8bcq-fEYYvS9Gl3xO,2023-03-11
lS92,oQECg3,,cjxqIUHS-XsvW-NjWw-ntbj-XWWsS8qsDlMA,2022-02-11
94vY,Hd5rwS,4XErmMhj-wvnk-2EF3-4AD5-6g2B3H0T5xpg,,2021-12-16
xgyd,AB4rRA,h8eQhnDv-TFQx-cNji-3I6L-ZQy1GNOyVwix,,2023-01-17
jGEC,,HwMRdm4S-yN3R-Ywvs-qNzL-Z8fH7ZOieQfR,1gHfS4zo-Nenz-bUJo-tpCl-5Sft2Dr3nZan,2023-05-20
DaLM,Fkkeo0,PeaKMzN5-DCSe-8wVy-yu3x-xanUU0xDSYH7,iRcJPC7z-Mr05-lgzq-OPop-sbezGt2Y6fjE,2022-04-28
0vQR,Ps1fne,fCVL4TIv-X0EZ-1twr-L5Sa-SNBotF6OSXpO,t0LF4zC9-Dls4-dsMf-OHmp-49W3vP6tj5Yk,2022-11-24
QSVk,dhDpw4,dERnEy3g-ZEvW-Nfzy-hbSy-vSzxG511mMgx,PC8Eydr5-CPIs-JfCa-QgVf-w8S7rgsJLmjR,2021-12-11
H5UV,,,bNiwwRCg-h3gt-LAbW-0Mpi-QKr8BOVrTEXj,2021-10-04
,HCeilG,QlESfoZr-54x4-Vl5M-RZsr-fn7QuMJl4OCq,9fLuvleG-DoVT-sMzL-3SgS-z9Ysr2iRKHg0,
sxc1,Z8ZFyP,wpPSCSdb-YkyL-kAzi-dcac-74x9C1Ja2qIr,iNSsN4hh-9i12-FwID-5XVp-wGGGNQuDSYSN,2022-08-17
sfl2,XHRztW,Uw0dRXx6-nnlj-e43o-SRdu-YH2xEu2KVCpu,UNfYJWpo-7R2h-6rjD-GHKy-wrrxioIbzDAm,2024-02-11
uqHx,ldHAwq,lBh5rJPo-49AS-wlcj-5kmS-xf0JJ2c1b0sg,EQZRsdpV-OPMu-a6iJ-zjSp-Lt3lbZubp7XL,2022-07-16
,Wto3YP,DPMIWLEb-LW4O-kVld-7sHe-M9ysx0FdbNvT,,2024-02-28
,,cKibvoq6-ADCk-jQik-VVpU-OXQ8m41aQRLW,ylwUKUN6-mu5g-xESb-AnmX-1otv57qX2Och,2023-05-25
,D9mbq3,ctYq7yOT-OxeU-16Qx-JPmh-WWA4PX51639p,qSWjEqnB-DocC-aJNY-thiO-YUNulFkem9qv,2024-02-05
C40y,,oMIFBAw7-KE0e-YTDY-vAvL-zzEgBuz6erqC,Ehew5kdE-J3Rm-fu85-26NR-9Ab6sItsNoyx,
dopj,,9NpJzzPy-dXpH-rL0y-0py4-ZqqU6DVp9LgZ,BioHn562-sH3G-vUJC-ZwdR-KlTsGxB1Wf1v,
BPPF,yiTMli,mZiEZWz7-Tb4h-1fk1-AS2Y-IsizZ5VW9GL9,txjlAnjX-Ls8Y-OcMp-zLCn-BiFrm88chShK,2021-10-27
76zR,SRF4Lj,eLnlZY2F-DwKh-COwQ-tf0B-oAB3xlmCjahW,7BXLvdHw-jatD-Ntia-SdXy-lBznqAz6REIB,2021-10-06
,,iIKIKM3l-yRwg-09Tx-Mda1-LViEue5xTjeS,0rb3C9rO-3kwu-ygcy-yX00-2X2ypgwuNGHr,2023-01-28
ILw9,,Qp8Pk9dS-4pu2-OENe-dSX5-D5NKgusUTr71,1AwnqjeO-XwOD-2hvA-fLv1-4a8DcI1ADioi,
Psip,aITMY0,4747uNz9-FKUe-APls-iuPi-KEY6eHO70lq1,3KiHSBT5-1ZtW-BG6B-iiWV-dySppzUqabMk,
whh9,TR8cmw,,1ApNOdEI-gBY3-BABm-F7yV-CCQ7y2CFGTC6,2023-09-27
NTHp,yVh6R1,GBVhfCun-OQjF-LiTZ-2qc6-bUSPxggPJA3u,FTDLWrgB-yl8C-L79q-ReIp-v0uKA5I8Rqz4,
,c7JXhJ,8iKs9t2G-OMeE-7IqN-KEGQ-0J2H0FVYgMjs,OVlfIa0H-Ptg6-8ou0-je6F-5Fj0YLu0fUYb,2021-10-06
S982,PdZXIx,hygPcI9D-K8SU-U8ch-i8Br-jWOkNsb5MRbW,,2021-09-08
F82f,RFeNJ4,HyCLsw65-3q53-Rglt-TRBa-NNeOFJrR7A3Y,x5Yiffyw-j1YE-tXth-2i7P-JJ4nErekaXLt,
,j1TWgu,,xcyadklC-Idxe-0vuS-DIHb-F0Ht4PTTNSmv,2022-08-04
BA48,,RNgAwgx1-uIGX-A3R9-i67W-QzjFplrPeLSo,,2021-12-19
ijba,skiLkj,XQIyiUw4-YW89-qRzo-5VCv-mhkVYZjLYNDQ,JiQcAuff-GjRz-i3bT-2AWJ-wCk4VIXhauQy,2021-12-29
Y3Ob,iWqobu,WdFUYeVO-e3JZ-YdRT-0Kyu-ZFRj5nUfvKiD,cL6Fk3f7-xZaw-Tb7n-MDEj-L2WAUuBzQlbe,2023-03-20
m9oV,UmN90h,TV8VkpHS-367F-frvu-jjcx-4WLaH31rbyzs,uF9F2TFM-tXTk-uDm1-clNL-b3jgRs1fgzqC,2023-06-27
udVV,,,JAAoLXh8-Rh5h-EnuV-ET2h-0CbJRKmpuQxp,
I7vF,FMWvDC,Kb6zd8MU-sKgf-7CNn-U04G-xSIvQ1tTau38,3TcGmG78-O4oV-tXvM-pIiz-x8uWKzwpyeBm,
QiUR,P3b7EX,,yJpdUgqo-Dybc-CQtJ-bq73-XSDMsuDBa0zP,
QCYs,WBbIp1,G9nuqtwH-vzyi-f3It-bcU3-910sj92vHnYe,ioWgd485-UWON-FUI2-XaWn-1HPz76m9oP3B,
,ApLZoQ,WDxCIBWm-pCcp-JVMJ-putt-lqbe3tjc6xXD,yPKPZcZ5-jjID-7Uv1-8kpL-hLXqjIAvxY1k,
,,KnlSG475-E6hF-YbCJ-x7Mm-dnW32naEqYEp,,2023-03-31
,1va075,oopvu5cN-vZoJ-Btdj-JFhN-djajZ4UCtmo3,oGTSzT2u-YA2a-1khA-4Kz4-uysTRuWvFzm5,2023-02-02
CwBp,,PehPQCxR-JoDU-6p6D-paII-RrZ9kWLfHsPk,Dnk7wqWH-kTE4-oXnC-C8kR-rHpUEnrijlZH,2023-10-09
,,,eeNvXGG1-jTjF-fUsd-iPB7-M3NRNIhpXvtZ,2022-08-23
nZBF,KHbmG7,6djMHDUc-ruiY-gnJQ-GvcB-XqnsnUOmiZhU,,2022-12-14
wwYQ,,nJi7qcKR-SVPs-wdxL-BZJR-MrV3r3rwyL3X,wo4cx5jX-iDFA-oVww-eMq6-OS6xjWJinHXQ,2022-04-16
1BhA,,W9SENCvQ-Wh95-mKC7-xB3V-587mbbWgQDkM,dsTiM7e5-W9j5-3U7Q-ll17-JaJtdcFqBnpO,2023-08-26
iDsD,VcA9na,bG3LPtKw-q8Qx-bvZL-wOB9-ZYz6bbv6Cntk,etRCRaW6-01nk-PIZF-Tu6C-SCDCS9Ij67v6,
MYOG,08ZVGd,lt8MySbg-mHSC-nVlt-jmDg-wcDuHLj6EIex,ymtLTsNk-GlvV-6h2D-XjNi-Fr3M6YLGSjVV,2022-03-17
evxH,LP7M6N,,,2023-10-15
cPWK,gCEYsC,tnuITjE3-Auyx-F1R0-CvXT-SzXY9OCCDqiW,,2022-09-20
X0nJ,13feze,,eLsrEVj6-6cBb-TzqY-4GYq-mhUCKQXkfjiz,2022-07-02
FI8r,dspop7,SJKmzXEZ-Jbbi-VAaG-cbpQ-IuhwoDaHiKkq,,2023-03-21
Wvco,,AuBSCWKm-84it-vqsZ-ANr2-1fUnv1N8BEVA,Mhy17xKz-QMGt-X1tx-mEQc-NIIcwbnQtoon,2021-09-29
LPy0,ee4hZ6,SdyEelu3-hNWR-rcCc-UbTC-eYU6bT6acM7G,97vTJa2v-8oo1-9kby-X8Q2-2BzeotXZQbVZ,
SJvK,,,,2023-01-18
PqvP,Y6QCco,J6tqwYXF-NhZe-KmN6-TNs1-ezEM5Y4ghCe0,jHpSIniX-FQFZ-cULM-YyUW-eoNRchSjHvrc,2023-01-22
BWZL,RswhnH,7eqnOos3-cHPE-AZ5d-DB78-8FU0K8Gp5rM2,,2021-11-18
anaP,Z6kvs7,Ei66tyJv-4JdG-8WXN-Gn0o-vfDCBP1TmYHY,rhnnO6ui-wP2s-6zTu-XA9S-UuSHTEpt1Cd0,2022-11-23
,sp9uRk,mwkm5kFa-ZPZB-qRcM-uahO-ajbPJktbyTKw,QfNleZLd-m8e4-SEJj-28mW-oXk0sVAVG8fD,2021-09-19
8vwk,Izd018,,9NE0W1hm-hP8h-sMdI-10fO-IF53ppm9HF3L,2021-10-09
,91mg28,uCpZDZBO-tSEP-iQvC-ssXB-HU5Z3nDrUPG7,uKKDH9l9-mQpx-I4jl-hcBp-slFsHQbSdDp4,
Tn8b,3nYhU6,,V0VN3EHp-Xi6S-psxS-77B5-NRLUmCSy1Ig2,2023-09-16
xXIr,CtdsF4,Bx83k6Sz-S3Io-QfUg-wo0w-2yzduTEz1ixA,D7JzYwTB-bkFz-vYhq-jNZw-4DuWTnoGPGV5,2023-01-21
WPSq,glKEf0,Eli0TYIH-bGre-nx0j-ciaw-a0BFOc0Z27r1,O1MWDplg-Q8CK-MTsi-DYZ9-UqtR95KNxBch,2022-04-27
,93Uyvo,mCUc0dBa-Bvr2-i2gQ-nglM-ZI012jAYz3bP,8s0VyWFI-MLpT-qNPf-JMOZ-YmUBdYLIJ0Nu,2021-09-04
nzdD,l0QgQa,JjigbDbs-PFjX-tjNb-DKbl-LhiRf0tI1EXG,,2022-03-02
,tRag2f,,H1QZq0SG-3wBI-TI1s-CeDv-3b8p1T4JokAg,2024-02-29
byUu,mtOgPL,x3YYAU2V-jvTC-iG1n-IGne-iMMNyPAR7lT3,VUiKsoZu-fA0I-uxOL-xp9Z-dmurA65pQ862,2022-10-30
,EOEe8j,8mv75Xpo-7N8G-7Iq1-Ssol-Dfn13jzhBinX,,
BH8k,i56J1c,,,2021-12-11
tbMM,oUm2EE,aHX57e3O-aXts-pwbI-JRhh-m0z9iqS4Dkz3,KZ5z7nE1-N1BX-cro9-fFxz-gp9JfBuTVef1,2023-12-30
P9u8,WMtnh7,3mi5iryf-Hyjo-DD1j-iHjv-Yx61BbZKrNg2,ckhcIkAe-DjJv-iiBS-avxS-eXrvGhHXgnEm,2023-11-05
eP5b,hHSUEG,kaktj0W9-VKdg-Pf04-shy1-KwBYZNa0iYLd,,2023-10-18
HrIH,ibhKTI,F18YKDKq-eznI-cRYv-AXrk-KXN1RapvnErp,,2023-05-02
FacI,,zyP97nYK-nhWi-YfPq-C4vE-5tQxXqnzH8ir,oCixdXYE-Q4D7-3XHz-RNsH-fgzsUEHeVfvt,2023-09-15
DWWU,C5cVWn,djhxcHLf-85LC-IDKE-iip6-D8Rm4X94exm7,JxESoNLg-iRX5-qYUK-XRKV-GdFHZq8tBkcy,2021-12-28
,,,8O0ndhZ3-j7nb-fALQ-aefF-vZCRwbEpfmxo,
b6P6,,g0Ns2M68-v8gA-HLAu-IniW-IisiorYYXTjZ,hTASm0mp-VoUO-Vp7Y-9diC-PjO8wP9dWRKE,2021-11-23
sHj0,Q7QFAS,,,
KhuK,FK304l,,KNgZoMel-EYj0-JbXk-fksb-ssQR9R6SIgOk,2021-11-23
wpXk,cfCfxc,uzpCU5RP-syDp-4spL-RS2o-ECv8VRK7RfOg,21DUVr1a-Wehx-vGe5-KwlJ-UYbXzWTbXQJF,
t34f,A4IvR3,RI6pC1Ct-fCLA-ygor-uddk-TC2PRM2mUAiq,qSZK9wXM-icNd-IlI3-eAGT-XkOmDRHeRvts,2022-02-13
EkUV,AROTij,sokVLntG-6ZNo-Dbff-worD-CvPJoOmpVkcj,R73axl0L-xa4b-MQHh-rndc-zttHXV1StDu2,2023-01-18
dhFm,,zRM81f77-eCoY-QC5O-Nbdq-p9avIiNB4Ni5,,2023-04-02
jaoy,TG8SUv,90VMjCeO-sawk-DWhE-Ltda-RKLXGPWlR8c0,,2022-11-28
,D0RhYW,NLPklq2R-Y5l4-gsVl-f4H2-JHohuQAtpc5q,ZWdHuLbO-UqfJ-CFMK-TJXt-Be2X66ZDZWFZ,2022-09-16
Y9kM,lk2ZWE,rJtNEEaB-NUR5-x511-fMA3-czAZUdthkqNa,BHNdAA2E-nZ1j-gX2i-9qst-NnAGgmArEly0,2022-07-01
QGqK,9odRA9,svFpEe3E-iKUZ-Ax64-Nmos-iY8l2ZN07lbM,,
,,5jYZnEaa-0W9F-xGHY-cAsA-lpbpkXBCY8e1,huduu4pb-yM3P-PAsS-IKOS-4FBA54HlLYry,2022-04-18
,YR2Jbl,xMrpYCOe-tRnN-mYBs-BScD-PcW8g2i3KAid,enLhetCb-NH5h-4EFR-zTIB-Ou9GwvhB1zJf,2023-02-24
iYgW,5pwsSp,xxdxK982-s5bC-zamH-1e5u-1Wwoy4Z0e0Ag,,2023-08-19
Lu3V,bq4OMG,2UFClF7e-vWUB-50wT-2tIq-rYPb2AMZ2Y5z,2aFI4pnu-bS4x-Izfv-Cymb-COMXAnpQDs2d,2023-03-01
,OrqRoo,SGECNbpU-lC0y-vKT8-krJx-XYbRd7V6vILi,GsLZqD7O-m3LQ-DYfj-Kd26-dCuYt3q96CFz,2022-05-05
9zq8,,8R7AtOnm-Enxo-BK71-eFbq-fQysHrne2CyL,8tXOthu1-MWFR-lCCD-ApwW-P8y0g2shQ1Ag,2023-07-27
Yn7Q,,yDlSbrzo-cCjT-tQyC-eSgY-Xr9JvK5bRr60,wQwiuDU3-3iTs-y2xS-Oz9B-c6tm3LUQltLU,2024-02-23
,SACasx,CRDMoUiz-KkxJ-6359-0sGb-VWcICs0UNGYp,2PwV4QWf-IAw3-sthR-bEcA-ObV4eAEokRc8,2022-11-24
jQZz,pRBSvl,KC1oYuyG-Q1Bh-kHEB-4Zp5-993aJylW3fmI,VAKqnLQQ-k4kh-dC8g-8nH8-qt0LV8fwhzIv,2023-07-25
9AoZ,,,,
AVkt,hrAOkP,,,2023-10-20
bpl5,,8Xk0XWzD-yiwh-RYyy-qiMe-597GPaRYOvKO,stPckozX-JMkU-h1p3-jDFB-hibF9RK50Wcg,2022-06-05
t0GQ,n7LhDF,ObwnZSMw-RXZR-QgfI-dDip-Xq77ILqBQ4SH,pb92WxEN-M3vw-rzLA-fPLT-OVgkWMfhUjLK,2023-01-29
dPSt,Fo8vqL,K12ckZPV-41qe-4QSE-hKwy-P8SD0wzEOly8,OqVNwsJj-SpSw-9ztd-4PkU-7uSewL01ghYY,
Xb4u,,5ncWWOGN-DsBC-kpDh-R3bz-qQ1qo0oL4r5L,gpWBD2ca-uDx9-6u4Y-84Ll-QVgfMoN7YGof,2023-07-27
TjSs,lZ0DcN,PfyylLIj-nmXb-rwxc-Puxq-cX4Idl1UsW5C,6GbpShg3-O9SG-XQ3X-yllZ-ote3BBb9w1Bk,2022-08-08
My35,bNk1Cf,xNrcRapi-oSAT-OMtI-piDC-5TIKdeWtruaz,2i5OliGa-o8Bw-LWVi-Suiz-PyXdhNUpWKT1,2023-12-08
b02b,2K6ZK4,SrnIG85y-Hnie-4Qo3-pp7v-dacPC9loPgdq,LU0KRd6Q-B0xn-GjQK-RgnJ-Oz81Cq3s9WAR,2021-11-11
,HvisVn,XaCUXldQ-Bydw-DIh7-Mnoq-y8YLGUEu0w4R,Ymi0ten6-IN70-nmmj-jMuj-JVEuo8DttpfW,2023-12-03
28zz,3ACjfA,DRADut34-EQWB-Vvab-aH6G-RyrEJQJLKzRd,JqmU3kqj-tcKz-UHL8-o5cQ-9vxnVaFkuNRP,2021-12-18
s9yQ,Ww8Aie,4WXQZWr7-sEqe-GOiE-Yadx-QOtlIuCQBFng,6vm0wbn9-SJnf-FlnX-GzbV-jOCqcMHzQmYm,
fka8,g9O8b2,FbxC368U-hqpg-yJKh-SarS-kP9QroUsBxCw,KGBCUpmv-p8zn-XDFH-sGnX-aHxtZFuT7H5s,2023-02-06
,IMUCUh,7ZvDNtrQ-lixc-a2es-m0Fp-G8hapBtRty6y,6w4l8wFV-SpNk-qAA4-7sbJ-kn4lwMnKycK5,2023-12-17
jqGQ,L19hpG,JWpvri9Z-8FzO-fO89-dX0k-tLhBje6vQAZ3,inFOfdhU-XqAS-CM44-xSpH-yJqEVyGJFn8n,2023-07-10
14QT,0RR2ui,,azWMA0Yk-eFIF-dmRB-zyml-G3fdaaTx7dWV,2022-09-12
l8oy,,nL8Dj4og-5Xto-od6D-wgri-0Qmgo8bdPeUd,,2022-08-08
h1Gl,Yf4rjY,Q9hJTdHC-FNAP-4XCo-XBts-TqOyYExI04xV,ZWTJcZVw-fGFV-MocX-EpwF-JZ6puj4e97mC,2022-01-26
Wu2i,Xcb57y,fonaN41P-kGme-WTWx-EcFv-OiFdI88NQxel,8dAkKI7e-zBob-V6Tq-SDbG-kZEPBrPO3SVI,2021-11-30
qehB,wL4X4C,n3VLIaBK-hutp-uYeL-nkYx-BGziBPPxSfkI,,2023-09-18
,9FOtf6,,1lLwJN6W-elP2-b3U7-Smx1-joZIrCQ36hwk,2022-05-03
,hTAam1,,,2021-10-20
Iyml,HK7ld7,GXyjCzmJ-rmIA-O2VE-yJPa-BqN5mWdHK4Gf,8Hf5U5gx-jLbO-kxDS-SEWh-ArQAIdfpW9Xt,2023-04-22
kxxh,,l1czfDxo-F7YR-bpos-ZeQg-2Hj0KNkbqWKj,dIUknk3a-Ioi6-l4KV-zGyp-QYnpPlJfB5Se,2023-01-22
uElX,,dimPO7CN-Fzxz-Z1r2-bEWl-Zfgv7rIIXIFi,8X4mzcFO-sLpu-m2DU-XC6C-bybtOjBE01Bk,2022-05-10
eNtV,476DKn,Yft9GNKI-cyva-npf6-nSee-2z4BhYTGSm9k,3NOniQ5Z-a24G-34Gd-5K6W-TdJsXfSKgjhu,
0o0f,TWFQcj,hy4RnrNT-31vA-ou0G-TAwv-WtLBILBmGmIi,pfqsy2ve-E8AV-jJR8-D5Sc-I5IsffQlDiW8,2024-02-12
,ANvzZy,xBKPPlm3-leUE-NDzY-jIKQ-tDyJCMnyj1OS,INynkn9c-ccXJ-KfCv-EiUd-VB09Pu7X58z9,
z2bY,hp1bzZ,,VSz0sCx2-DOJA-XjGg-SI2h-ZAxYRXkvnrU9,
8EIB,jdwUnZ,aQX8J20R-P5eW-NYCH-mC9e-VxPiVSYAn7Fh,hBqYhDTH-75vJ-dwZ6-oTV2-GA4mt8hsBvE5,2023-10-26
TwRH,Vzyg0f,fdcq7Yta-LyrR-nHwZ-4Pjz-eQkxnkm7FW2D,BgItAryp-mkQx-b4Sg-dCBj-TRRlRj1jzs8Y,2022-09-06
NNF5,S2ps49,FHJMNVBw-7qen-5Du8-AL8b-piMEwhXAcoU3,PEGLcbAl-tAes-vrp6-sWAX-GyOBzTRV9eDI,2022-01-29
uXva,Qu0aMI,I4YC1LBo-fHYP-4zqm-IEqA-GwkwUl02oE2F,XsXnwtop-WEPH-vi50-dhjt-auYnEwDaLi6N,2022-01-16
O8m6,aRuP7K,,3ieP3htT-hm1E-4pEC-Gv85-k572sM2wSQOB,2022-08-21
,wrwkf6,,,
YLdh,9Hls3l,Z25uZSp3-pqw9-1ZAW-j9H8-fe2RFYpvOHQa,Y5eEGUYR-UXrY-3G3Q-muWK-xJmqJff6qDSC,2023-09-22
hG3s,Fxh4Ok,,,
,,NHSwoPAA-uimS-zhIk-Y2jw-oCzRnBRdgBYu,Se0qPgFh-QL86-97th-RRYe-782sdMCd0qep,2024-01-27
EtCG,OmCDPL,0aNmNndL-KnAr-1uDp-WoEc-vtLFWSbH56ws,mcyHZweL-5NaY-o31u-jYR1-CsMO90SQulyv,2022-10-27
CzeZ,twujA4,,Q25pZSdP-VCDi-7wuG-oFuR-EXABXTjQlCaE,2023-12-18
L2Rx,oKf0sw,KB5f8Z4u-p89S-GeVo-YUzw-ZXDgqnduyVjl,eZROixDr-SlGS-RXLT-nDfj-NhXZrNCBdKbZ,
eDcd,iRRc5N,HrfNozmL-E3Qy-J0FQ-UgoY-7J8dzckuCa4x,9AHiQZG6-Zls1-w2wx-Zfvk-zD03UQZWg79w,2022-06-10
,P2Jr1P,,,2022-02-07
yS9V,eIGEWC,HCiNvwl2-yJdv-wkvJ-i8dI-NbJfrhyHJzJu,UGGIChHr-ZJNC-V1G9-m3UR-eGPxz9tkuo5P,2023-10-14
DOcP,PczdYQ,GG9bHJSK-Auxm-WcWM-1NL6-zkGn6osAwoKm,JXSzwvF2-ptQG-9uqT-1NBD-YMaHH1taPGbQ,2022-05-04
NO1l,VRRQ4G,UowSu3E2-qXtP-5dba-Ppn4-d1UrmanQIs88,ePDxkuLZ-mp0t-m5aJ-yzwC-LqYiTOVd2Cil,2023-02-07
2LfF,,pFSJ9cJl-ovtA-9828-ReSw-CS7kIOvui01b,LobqwrVI-qkoJ-5Ggi-IHpF-ytkJtChwkBjM,2022-08-12
,n8Ft2O,QtHw7JE5-6JZ0-qdOI-FMp9-w8gEXA7mnvjL,dZ5TCLYp-HwzA-azdm-UiPZ-1Zk4M95pdznc,2022-12-02
HYut,oMrx8g,ZDA7Uwj7-p4tN-TU7D-TjOS-1NzXwjSgVw53,hbsimoza-QrIk-ZaUH-w00U-kxkryvHs1q1Z,2023-12-18
59Pa,H7RUvz,Oy8y0nIB-3KkQ-TL2L-rzy4-umAfQMaz0nWz,xajrISAU-7v87-HhjW-3WVz-guZFxnV868p5,2023-04-24
ZfuI,qlwYuB,5XYSqA89-a6Qs-OGLQ-bWm2-l28kWIMuG5Nj,,
SqFg,,H7ZdLTMB-Dz8d-V6B7-kgVz-WI60QqVPIwED,kvzfoPcB-tslt-n74j-klEb-0cd1OdDeJStd,2023-04-22
,,,5FNCAsdg-RRVo-uFTy-hrHw-aTAV9fv4ly83,2023-06-14
,ATlNEb,JbWevVHC-UgC1-qUXu-oR0W-JAKelygrPJTN,T8uHVGCf-DF8r-IkcF-DFl1-0JpaKC5q7EzR,2022-04-12
,PkHDUi,Bno2Qlv8-iMkI-P1gD-Q4CT-uI5IKn6Fank6,,2021-11-14
,,Qzl4kmkc-edTR-zU4a-VjDA-dZiDUwS5st5p,6KUpbjvB-meEy-UJcx-OCDt-0FsTCEVoOXb6,2023-09-27
UwUz,x6viLV,yjNWuvZ2-4AvS-Nwru-bjsx-pASgIfTKG6tV,NlXPwlje-jGUC-wl5j-d7xG-U59judAYez1s,
,,2TQFsTv5-C90E-zoBc-qjpn-Nstnf6C4k8ho,B6ucJl0h-lwu0-UQTQ-JJHU-KxGI2Z8kPQSd,2022-07-19
gvns,h4kMJW,Sjah6DA4-y2aB-Jy9O-qDIZ-itiUJ2rjkS37,x2I561Ap-zPNt-AZOw-9G1k-7o0a3ND2zrXQ,2022-04-17
5LZM,6a5y4L,QEs3Mxd2-1Uqy-KRZa-fLAd-ZtAGm3DMse7X,,2023-07-07
AnZf,i4D3z0,51rR2xnU-F29h-voca-xsWp-3EAcPmpVKmp5,zOgdOmDc-fokx-2VJB-SKef-w3zAguQWUE20,2024-02-05
,Tr4uGP,MFnn33eh-SEug-sdTl-Pwv8-ili6EE9Wh9Cg,ZP9ucF9W-E54U-pNDT-6T69-YY2szeWl5l1G,2022-09-07
Ue8N,fzX15n,qE03glWG-JmHF-mqZx-JDoT-P0VPmpBimFKJ,u2u1z8xr-a7VL-YJjW-8YfO-HVD5V0GH67Ny,2023-03-17
jDht,JjrRgi,,Sjdtu6hN-DU4W-naRg-nABH-0NaEKFLCtJGa,2023-01-12
W5mw,,6ux4800f-CMNt-yfFc-ZQdL-VNtoTt2dnr5x,,2023-11-27
RTkS,APQoan,,,2021-11-16
Fi3g,HcrE50,OZlE0g6r-a32m-B4xn-2FsS-89pk9NBSCrmc,NfQffuil-jCLb-tdf7-GNXr-rFU7odsp4opu,
vXin,H3hTm3,1bG3RMp9-JrTi-KzLq-ykMM-PNqC9KtixuoJ,p1YITazz-mboa-dR4e-jMNQ-5lW2HTgdjq8n,2022-04-29
iQ2M,o4my9p,5OofPpXb-uYrY-6Cvg-MHYo-D3rvNATCKkpS,,2022-11-07
nNIC,,4qn8hxqx-VKFJ-odWB-Ha9j-UYwdFuJihh0O,,
uW5s,KaJTlW,S7Hqmjup-phlh-0rRj-Yvp4-d27IF51co8sl,6axrvXtJ-vEqO-t35x-ROXW-htLfdpZkRpZU,2022-03-08
xr9G,L7vw18,QPHmTdNd-XbiB-NT32-2Sdx-41KOacGg1hPP,qa3mWmpF-IsvQ-543t-iCQ7-VQ7hBBeZ9Ia1,2022-06-27
Pn8f,,AEqoQzXb-uTmo-RSCF-Exjx-L2AbTVmClRE5,LZIloZwx-ChHe-kDZf-YlE6-DecGvk655H2L,2022-03-14
dmDw,8a23pb,qYS8Mk1p-Bkqo-zcgM-0wT6-CtXinCAXQvp1,oEqMve5E-NwEZ-E93z-3QxK-V46hNFodLg5a,2023-05-08
,3QRrDD,oB7Jw1V7-T77S-2V41-Al1a-k3tuEntkwat4,vRIcdJL5-zqBt-QUCU-2Fvf-9WKVg9mIf5uQ,2023-12-07
CAfW,,vKhSjXto-myOG-XpJK-RUc4-VsqM9IZsV5kc,DnDp6Q1A-bmD3-xYl3-rNjn-TfHYwJsNyACK,2023-01-24
,muwl5p,,d2hVwJW8-ZVUl-vhqB-Ubur-xjrAO6u7FJwf,2023-12-06
,xfOxTU,pWuopu3R-HnAx-zZkT-CwTd-gnZyVD4hHwmo,,
,ocKGMM,yVHNwrsK-oMel-oiSh-wZlH-hrkQyqs482mF,qb3066uO-C2M3-hpId-jKJv-Ck2xCyFUmro4,2022-07-30
,crFtKa,5gSO69ne-2TYF-tpu2-y09b-JVnbkmZf0KVN,FwCkwa4V-ovO5-smN4-WhC7-dYxZdTk2a2Hi,
YHhe,jhVk7l,5vR7q7tz-dmJ6-Wmwh-MByx-3i1rBTtiPdhO,8Z9Czajm-wOE4-4uv6-DY9z-h9Gc9tsMqmqH,2021-10-16
,qw7QZU,,Kkkxlh8q-anAu-EqE6-005V-qeM6FDWYwSjo,2023-02-26
,YIeEca,YbUzEfKI-2BJQ-SWAJ-IDVD-m120IGNIdcTc,3tcJ8zPm-vsF7-KcMf-pHCE-7QBUBCZ27Zs8,2021-12-21
a5Uz,rfiedx,iOQx01ho-lenv-HMIM-VbIw-jZXVrco2AzR2,,2022-07-13
PwYL,XUG0Mn,,P6R5ORpW-Yq1H-CIlY-wsxu-dkJg6WZs2w0p,2023-03-13
Go1y,,,QxgA0kI6-Tq05-LBol-jsPR-yBJaOn5l8uDF,2023-06-19
ipxq,XC1hxy,vdbOdn2N-Dimd-WPk7-NPXm-l96TLMBHkSJs,EFb2yOxd-WlnM-Rfrm-n98o-srcYLhHrFtwQ,2024-01-29
n1z8,wUGupM,lV3qXj2o-2Y7u-f930-dtYl-Mr2zDFZRh1N7,xNFgn3Cu-M30r-uxE3-dR8t-kFXo3Jps63JN,2022-03-24
UoTX,,1f8k8LM3-e13t-DqlH-EiyA-TkOIdOeNtyje,zExwe4Nb-5M1k-CV2z-oZou-n6ZgP8BzxwP1,2022-03-24
83ED,,bzIK56qT-ON6o-U0El-e9sb-ONUKBUIfSkBC,vFtJ7uIC-0Co9-Ofa6-J0bJ-Fvze1WMTwTZW,2023-12-30
oM6u,if7Xzj,YgIPUry2-vCzf-sPq3-EPMN-YjO2FOExPOTH,IZdzxYPi-e0O4-LiBP-MmRd-l8b2EuwIHeT1,2022-02-16
,x2LRhe,yi4HVdXc-UITy-LwDX-iEzP-0JBAq75ZnATd,i1E0jZ5U-mVMb-yum6-u4QD-d6Jw4HiaBI3T,2023-12-30
2WWd,r2LDl2,,vPMXbAMJ-X3EE-ypuq-Zyk0-01UKQPsZeZjW,2022-07-02
NDAi,65ehpo,hM6T8E5u-05sf-ZzrP-pKo9-9y74PbOD7pcH,PGK1Xyaa-pA2V-Boz0-ECO0-m1nxsFuxXiKV,2023-06-09
Zpwe,qDq6fH,,44PYrGuF-SMbu-qX7i-xMbn-aquJQxrHvNsq,2022-10-31
,,,4xCdXxSV-8b7t-qK18-s2No-oXb5IcInuQZZ,2023-11-21
9mzZ,G41Q57,AEEQ0mgp-nEP9-zJwD-eELA-MYSJqRBv1zLI,sTWoljP3-M270-uG46-QoZQ-h7LiAJqxtvZe,2023-07-14
czVU,nLsm9Z,wFEjByYO-rLEZ-lDXm-vcNs-s1vfr9bAtDae,,2022-02-02
mxmS,,,pwOf6Vd7-DSOV-RQdw-Nxen-9JHicIZcbKEV,2022-06-12
,QeM0Mk,KAa4gLGI-YpTO-Otjj-qF5l-C181EOMyCnLh,,
7qAU,7EowkH,TAqLJcyz-Xanp-EZE0-X3Aw-YJ3dAyaTP48Z,j2ZALm7N-qhbh-0JJD-bpE1-2iMN4ywMRMzD,2023-05-11
,DzKt4w,8tK9vtbo-8Qcw-sdj8-ZsMN-RRx86ZnmwATI,Vwp2g4Nu-PmKM-Ex4L-iO5x-JJmywYDpHH2L,2022-05-08
UyWx,dWzJm0,LCX2sW4x-1YSq-UzGt-UZcC-KBUvuK9qIfxJ,d4IAeHpa-mfm4-JAka-hICG-jqs5KjOAvxtL,2022-10-23
lmrv,qonWp3,5wqYMlif-9GGU-TjZ6-pR44-51GMlgUXYiAB,b1M22lzB-WU9C-bpUn-ZjGl-yYyUt93flP66,2022-06-08
kkZW,4RFQBB,Lwtv2KZW-McRt-oEF1-B1wI-fBkZiP1M3bBL,Bof8CIgX-X1es-fodt-7gpp-FbL1H3QR6rnI,2022-05-12
nhMk,CegIE5,XUzdQP5E-ZcxG-cKmY-YFCL-nFRj9GcS7WmO,,2021-12-24
ncBd,,ZA8DbX27-BtTP-7n3J-EAJB-mbIZPz2zimJt,AnzAR8ZE-KjnZ-6bak-P8on-wgACB9yf6jQo,2022-02-22
F5Mk,lJnoKV,6LP8faib-oZNq-bMyO-jhso-2zw0BqIZ8qOL,VvVritdU-5UL5-gxv1-5xH0-2THLoZZONdIT,
T7Eb,ux9ADl,IkJwt6no-Uryv-1LdY-FmSm-SS4f2pan1HcL,3StWf0zE-hBu7-3UF0-mwKX-g0qkni1e5FOb,2022-04-28
,iBXXvj,CGpggODe-0VZj-VkcG-E7M6-aumjMxmoIwjB,,2021-12-25
L7LP,tF31vr,dhTJwV8b-CkHA-qPUY-HuIP-0ctHJG5ybv0E,,
96To,Nigdaq,bDyeumUS-yW0Z-BB2r-ItL0-q0fU2BOMn0R7,q03IG6pF-Vc5C-lZDE-SVMJ-OIvyybh8nUY5,
HqKI,0xITFy,RtRtECfB-kuzf-LBL7-3vsZ-Lvjba3NBtgab,Q80rPPul-N8oR-powP-3zCK-NirP4W91D4dG,
NEOR,rUN90a,YGL2Iymk-RcFs-mPS7-KbXg-00QDGZA0kBR9,ddBvNxrk-A3Du-zXTK-ZLd4-icpwBiTw4uRQ,2022-03-15
,T5AswH,NJUIwwWQ-RXXj-y6YE-jUdh-7490lVVq2u81,l1ufWLri-h6Bc-dCB5-XQfp-OCKjjN7QYIPV,2023-12-25
,wiQoIN,FV6szEUY-z9VB-wEXj-2DUP-dySMkYWkuRml,mLsXt1fQ-ZYfg-dwQu-zkHR-trdOX6VuG9cX,2022-06-26
,,OgNjB9pk-6FFl-5B41-0ozf-gGWe57wjYZhI,,2023-04-15
vXAl,8gWh91,thLgo9sD-YBDm-bmgS-Ciy4-BnT6VJwm7hQW,e8BKzX3B-PXZh-MqnG-pgDm-URnvyZ3FXtND,2024-02-23
uq5H,bOZ7f2,U7xMy8Zo-MURS-ScFz-W2dT-jvnjlqidrZor,ZxNbxOOF-zMPh-20jk-jGU0-hf5eZ76JISiA,2021-09-14
,6JKSXt,opKhsALX-5nfb-sXa3-1gdU-mVmtcEs0H16L,MVPNFY5d-LDAH-Lh7p-U2sc-pdJ41wNGAn7D,2021-11-25
,G0b9vP,,Mth6Klku-4hlB-eo3w-vNbT-94bGojOY3SKF,2023-06-30
,,Gouoh0TG-3Xru-r8fB-mi7m-vfQwQMav3o6O,yuAdUxhq-YYQl-eaJm-fWvz-fMVJs5UHGwqQ,
KDkY,OfcBae,EIH4AAdJ-1Wwi-k9qh-dc6i-11QSe0A90RPz,nKXNgu2H-jbEO-L6Ho-67PN-XBpSvswW1Cmi,
,9GAfXN,,,2023-11-21
uwKK,,LgK3IqXB-o0X5-ImN6-skf5-uiptxgzfm06E,Yb1fTWN5-xv85-yUlO-DDMP-lLXduOV1fpsH,2022-07-24
7tW3,,xeGR4aHY-uGQh-GysC-10SF-4uuVXUXJEyty,S9AjraWN-NAZb-toAO-GX1T-5zJkcKuiZH3l,2023-02-22
psJI,ARDfHZ,YhD23MOO-aGVN-hpz6-KwQw-OxT512Dv4ES9,A6W2JNvi-wHsO-HiEm-Cl89-cISKth8VvJCc,2023-01-03
,kUoMlo,kcMtEuww-Jq3b-l0qV-pVps-krNq8UJpUu3K,c4lSBfL8-u4ek-o16M-vzji-sYwsfspfKTo6,
X4vO,QgrKiI,NH6FUieo-x6qu-iKJL-C3ZW-oIMs6E7yTaPf,XZCMiO22-ByoS-fymD-my3Z-19a1kVQJg5iQ,
Q96G,Sf3t2e,Woie5p1P-1yGc-Yoee-9FGg-1SIRs2kSuNg1,a4gBGYqz-3za5-IaqX-2ld8-eC0PK3cP3xSt,2022-08-14
W37j,pBuLNt,YyoOgzCS-i92m-dASo-ujcp-7p5xWRkJvZRE,YS7E8G3U-nXNl-dl5p-B8ll-TjZcJgy4wQ5t,2022-01-04
S9Vv,Qm2Dsk,inm0Hn4W-b0sv-5VGz-CQG7-0IKl0MhEbdR4,NGTHdt02-6b6S-wmt9-oWwv-Zw8XEiSGeErS,2023-12-20
KLZX,5CgvL3,,gYlY4qBn-9n18-tgb8-xhl2-uAP00vRfbq7h,2024-01-31
nrfy,XIi66n,t6ZCIEcF-phXs-ee2U-XW3s-0TAgTw9HR0Ci,INLEb4uz-bvOm-IzuG-c8NU-2bcVa5yQW9ck,2022-09-17
,KCg3nj,DIdUieQ6-qXpe-MmAF-atY0-LFtauamD5Hc0,cDrFcJGB-lOhL-MYzU-WljM-2K5zNSHzYvTt,2022-11-09
,1jwwS1,9qoBSVxd-aT57-RZ7m-4Pf6-dEkTLoZh7Tag,2bd2hSJS-QjNp-QIhK-UMsp-dBxGGFDU5aqN,2024-02-28
jdzv,,uv5WPBnY-keI1-gge4-3tqU-3nLb3IeYwsVI,whA0ZkZh-Ogj4-LcBL-dggG-0wXIAJPs3LL5,2022-11-27
9iZJ,,,TpyY30UD-zAx6-Fuci-dJ0O-deUjx2QFNlQF,
eVL0,T0C7Sq,,ZIEtP2kt-CcCB-zDX2-JQFX-tpLUJdE5X0wg,
GA5R,krNzHj,cGfSXFs3-YE5f-H38V-58mW-rw5vitTNWTFl,e4F2xZ7f-Er4S-voUV-juQh-XDHeps8zN9Cs,2023-10-02
8G5T,GJAZjV,xwf16leH-k9JV-aaWR-9nvw-jLQ6I4bYQzQA,qdXNY88i-nLah-Ur67-qPQa-3xz329axUAKu,
Libf,RITgmM,auZuyb5t-Orez-Kb2O-mOe0-et2064HhJliJ,,2023-10-05
tiWE,,e5sDMgBl-kBnl-xEji-TRds-GvJXKJta1ZJu,2fCFFyMI-Ln5G-twSk-HuHn-X46mldsn9GpU,
fw0J,Y39mK2,,Uc4CkA8A-I2JC-6pqo-3DH5-MV6Gdd1IIOiD,2023-02-09
ui6i,3WR6mq,,,2022-02-12
4xrG,6yT5aA,FIlm7LGo-Hqku-DKPC-pKzP-Z02uwtqDUxCD,,2022-03-19
UuZz,5uQu8c,829dCwjC-KVsU-PYyR-ZRZn-p2U1V3fI6Ptm,5DxeGpEr-j3Ag-RtG9-rAx5-GTs3Ir3LN3UW,
g12E,,,,2022-12-16
9zXD,LEKJI2,,rCoYx7uA-WhxT-vQZ6-TsUT-30q0a2JuskPD,2023-05-12
Mipl,SUDwaU,IhnpEN2Y-4ULU-V3TR-UxQ8-smu1q0jaRBge,f7QsBh5I-YPDi-ZYBQ-2HTR-hxtNMb1Wwxvn,2021-11-26
,gSntmw,KcdkiJhT-xPyM-3iQ3-XSiy-JRtQTxRVlBN2,AxvpoCIg-IRij-LqHu-aTzs-VxkFRBzWakQr,2021-09-14
qu7F,182AWd,iOWEYbla-0W8p-uAnB-3BMh-zzSPBWSOFnzo,,2023-08-13
bjB5,sE6meL,NAXRq0ZA-u9p8-qdNe-jLF3-aJyxsX9AxxTC,,2023-09-19
,H599M6,,bOBpnje5-JuW0-CIxT-PTRC-ShkoEKbMm6gm,2023-11-22
AaXR,5mOdEi,rmgJfHkM-TDEz-neSS-KfKw-1twHRUKl2f1k,,2022-06-30
MTED,yzafYy,0JeZYbV2-obIh-X0tx-Z273-Ati1VUmnh8Su,kJGgicNp-CL3s-jkMC-csz8-RrTFdR31haVr,2024-01-03
5wpT,,KHk1z1vn-pWCa-tF5Q-dk15-4aPwMZiZjKDj,EeH0Xnlp-ICD4-qvmu-3HVw-RdZVXe7c3vUr,2021-11-06
uhmY,,lFmtJfT2-DJ2h-nu12-BD7k-MrDuIivlnDuG,2velluGG-SJDp-WxR5-rRCI-fnzGaWFNkTuX,2023-01-10
dR9U,,Nn4HCqP1-IHQE-JKBs-HC9s-q1L5gRdurW9x,EafJrMhM-yzpQ-Q38X-DcY6-Lnnz0IVlG0CF,
ZEq2,xevaxm,ZiLGzDBD-dpcH-2MYc-UgFx-4YUmgKKc8N63,,2023-02-14
,hRJl8T,7mML9Rvk-005D-L9Sd-TiEo-4mJBNueszgI8,s1JzPwAj-EQkN-RiB0-lSnZ-7UhpCLN04cab,2022-01-24
,S4qwu2,xQruDRZH-xW4o-e7YL-lZ62-iKiEUgpXZmXx,,
b4O9,Xa6a3I,suWvYkR7-kaDd-9Ef6-bt8c-KQND6nuiI2Gd,qqZgYIGh-UAYl-pBo4-0UJX-qB4yxbIYuOXx,2023-12-13
2Gk0,nOe9eT,,8npTYWgC-o88I-jlvx-Vfcp-4VhcVktGUhux,2022-02-13
pKhp,,,AvrZSAIr-2LtI-ObIB-SWPh-6t6zRa8ldNaJ,2021-10-28
6OvF,IyLsFg,,RIbffwLh-xVFn-Scep-CJ1R-X9F8k6cP2ekj,
,oqt05O,XPpNQa66-Fe3L-QcSQ-wRF2-AEHSbp5c3FCA,4lrxZzMM-pawC-thLs-zXWn-nmBqsJOiAzvE,2023-04-13
xf9w,qTTr9Y,,,
6JvB,,uMdOnOZC-0OJb-x4Ru-VHAx-6Z5Po0QAid0F,qiqemJOW-1h84-xmBH-XzAd-qHHqHTbmcK4g,2023-08-07
KfRH,zS0mBV,cAjsuSuw-bpAl-tZno-BteV-8K0jfe5gCu3R,JFyQxokK-9Rgk-o8dh-cCqN-KZXhWpcQWZOK,2022-04-09
,SLbFeu,weInxj9R-063A-EAA1-0SeR-QSErYDOnkYO7,UYxYpCSz-5TMA-QPlc-TXpk-Vk3R0rq9erF0,2023-04-11
2z8a,,NhwAUEMx-jJpP-tTNR-7tsC-qbABhj8rD0PE,NJCyuDCj-ja6O-aBHf-QHpk-obpuatQMjr4H,2023-07-04
7b1e,3rGKBZ,,b56F2VUu-z24u-QAGd-uKWT-22ZtiaDuMk7r,2023-12-27
7vjx,eMqrKM,,,2023-12-12
3Usa,Fcf6vA,mrgM2Q4n-Uvkq-XX90-I1Lf-K56LBrIpY8OR,lcv2QbXK-NlSg-Klhx-Efkp-erOd61AWXsW0,2022-06-21
,EP1XEi,,kpJR1eg5-DOwM-E8Z2-mfMn-J3YhspqzYm2e,2021-12-20
p8QE,CSV9m2,2p8tj7VV-jIyj-6xlo-ehku-otHgOWdxEeiO,A6SP1p8D-osow-BIEh-samr-A8ROvzkwuqsB,2022-08-07
7nmb,rfWIFx,6eCpR4np-FwyY-w77f-3wkj-K3if8q7KjAuz,TReJTP0J-PBuB-2eaE-2vnR-9TpHhs9oO7nD,2022-11-27
aTbC,bMUb1o,P1hMjlcr-BkY3-Vpty-63Yj-fAwuFSTqHf2i,P4lTiqhb-WpW4-9UKl-Lhxt-xiELG5J1dgEf,2021-11-17
lmf6,GuYo7V,AM1hwUUi-P9az-g6eB-2GJ0-gTx4NlmyTYKQ,4HTYryDF-jAeC-E33Q-2DpE-dzvL0g73OaDC,
,,ipmWeB0M-Lt8z-2Hwu-J1P3-5UCmzDRDS6s4,N1yk5sJs-Jtkl-JZHJ-MBf3-fCd80Tro9zPC,2023-07-11
,,NAOhM0pa-HV6i-pP4s-TlEo-jkMwrRP8iSqn,1Y32Mddp-FKYb-f3G8-BYcU-Dn7AHgk6Sur8,2023-08-20
yzXg,,,JeLHJa9b-nGmT-SKlq-rV4Q-iAOo5cwNvm4v,2021-11-22
p2Hn,UnZ1Tz,guiKpidy-O0Zl-3Viv-YIoO-1OISX8hMbiHc,sgWRCmp3-CAEo-X2kf-kPzl-Pk1foeYSyBFL,2022-06-13
IWUS,jmsXcX,p9iynwqL-iBD6-xklV-lBsm-xMIsDrSc4eNQ,,2022-07-20
Ab5K,,f4jHYWYu-R32X-m2Ti-r0Dm-7J5rRvJ7efFT,xrVgsnWf-h7XT-LYFF-qhDd-kMc7e3W7AvK8,
aOUg,GIxc3C,Ogszzg28-qjUH-1Ixr-aUiQ-59sj37JQJC0N,rT3jnhZm-hnC1-IoQn-JfpP-wbJ8DGfDVXPF,2022-10-21
,ixCpeB,WfKMwNHW-VY3W-49EP-H42K-cxG5NGAjuTmc,,2023-04-12
,sagNEb,fZI1KxhS-qIz0-nEHo-CSGj-3OFnGQstnRNB,,2022-03-29
yhvd,JEwqsp,FPikFyBy-QG3k-4hjb-OR60-bTgM88tkWv5z,ecYFAOfp-pGmB-E8GH-D9G7-SvXrF4gmXRlV,2022-09-20
qfDX,5SQXGU,ZY0ISHzc-VfnA-UUui-nNTH-YEpY46zvz7Ru,,2023-07-20
LCtO,TlMYQs,gjBAacVV-hbc4-ZO6S-59pm-wHh3MAY8FzKg,OUeo5miV-7l73-81Ad-Yr9N-KdLtfEv3mQUT,2023-11-18
DIp3,DK0yG6,oEzsj8rj-IpWn-pXha-TRKo-ns2ojNdOtqjL,02mABa1k-Ovob-sY2j-3jlA-JpOWfVYKpzX8,2021-09-01
kCGl,,jec3JuCu-jRks-eqmf-17LA-jM9J7kw2JVCO,w6yxikZQ-aDck-V7Q4-b9dG-fGhUEuhAUEP2,2023-07-21
AYkA,h6um5G,lq0nzjuF-3k9f-i3Ga-XcdC-SyTKABsWONIL,O8JiGb3U-8UyL-gw5Q-uDk6-ucdFnszbiNmt,
,lB7WJt,OEmsGzR0-PNXK-4Dka-eIsR-KyIk8olySwKx,MRIh9N5X-zYtZ-Zinr-m5WB-GMJUTZ2Q9yh8,2022-02-28
fk6l,,XXYVjVyJ-ok02-FVoq-ttYy-UDnV6Vo4Fr9m,,
VKHS,xAbJ8h,,GIKEVF7j-yS6r-SZ6x-brYJ-oBK2le39Noc5,2023-06-22
zlJy,yhKmBc,gYHcgjHw-l6L0-1EtM-7CYu-TRyBUUm8bEbk,ZTgbff93-zZr3-3hes-Snjx-HtG4GJfJJhB9,2022-04-09
Zzta,gXc8tC,ZJXVFQTU-vuhq-jH1E-sm6i-ODsJJ1Hd0nBu,KEZ3HfPc-ETOa-OGtH-uarC-SCZ4XWebj5bk,
,eI6kS7,3wYHwWgf-yvWu-Gwsm-MTpz-8g6flvb5xqrm,xBQByedo-DJmO-VOUM-aZW6-GWQZGBkdJlcF,2022-07-12
,OYjduf,VHLrzaPe-9kxA-BVqY-SGZI-sLCXxvCCmkHk,U9U4Nclf-KKkA-k98u-vC9t-EBJLx8769qBY,2023-06-25
,DDD9ky,Eb4IeNpH-BlZH-IYGZ-6zbe-ahbEmIWs5RYd,ZQEUwn39-xxJG-DC5R-H8po-tNbQMP0GvpQL,2021-09-25
eUxo,NY1Dje,nxSIoZ12-QgAx-9ZKw-8yzZ-aDUE9SrpUEWO,sqgql9a3-U52F-pyyD-QN1z-xUW7CAJ0baAp,2021-11-13
N0TP,,SgpYT1UD-Smpp-hZ8c-mP8E-7vVN2krTrLkF,YZOSS8dK-hr3b-hTGl-Tf0f-SgUnCOcpR41L,2022-04-17
YeFL,,vNw8Pw20-LhcT-N02c-yrUq-qgfKa0adEGjX,erB9nPQS-pAmK-TUCq-9SVy-FsD97Ji2yDGN,2023-06-13
mHRv,,hXzpJYuJ-sk24-MqHM-sXQs-gpp7Foa7lLIT,L2x2ww9c-oYl7-KtRJ-l9Py-F3J8zDhJB96z,2023-08-05
hyHK,ac5gWr,,,2021-09-25
UjJF,XTCl4F,V4wkKxbV-a754-RnPS-WqeB-OCNciD6K1gW8,TKYFylQ6-zw2O-G6P7-0mI9-EfKbLtrrQHTH,2022-01-26
c5b3,0e85z4,39vSuZpT-x1u1-v0vY-rpuE-0klFF4TABcRM,,2023-11-25
2aZx,RUIYy1,kLPewT2c-9KWQ-M41o-OaD0-gDoKOJ50xegY,,2022-01-10
DquI,6USJQ3,,jkNWTgxO-Nyp4-2UL7-QURs-3SQ3HTfZgLRn,2022-11-18
wNJB,,F6CzzTIU-284u-t77w-469A-fbbEgLBCRipr,UDdXzQZ6-Dkb3-glzk-aBJf-c4O0Z754Rnwf,2024-02-19
d94R,G43XqG,5iJnSEH3-QeX1-pxna-WBFn-ggtkaZEDLWIj,eAOZCYzY-vr5H-FBeP-qWd6-JWMqJHLhONRX,
VudW,3CXwCe,R4zRfDN6-F29e-htMJ-238e-JoVxVXVSGSnd,oUcSLV6R-68at-sRJp-Bq0c-JEV3UQnhn3es,2023-09-18
,HgUuHy,Q1TU0U4R-rPle-3XkM-9kCv-UP7i0f2t36gW,70oWyZIr-I388-Ksq6-lXb3-DKPUC7ZjUh2E,2023-08-24
ithc,i2PnwV,,yWVHPydy-Uhgc-Urhw-dGs4-SisQj5H0xHhc,2022-04-09
9zkN,Eqwgq2,c98i3I8n-PE4D-ZGDl-vWoM-wwby6A9KZUEf,,2022-06-02
zoKj,oTGtx6,MVlEj15z-MPMk-lcgw-9qV2-yXgUsGCnFkS5,9Lc5TIRv-lFi9-eaDG-Vkx8-kyptNEVloSJr,2022-04-01
CePe,90GN4P,gbXsRAbn-0bd1-3mul-05XC-X4f3Tjl7f0BX,quiRiKZa-1iSf-LcjX-cED2-oGo7BOf476EK,2023-02-17
neH6,5YHwti,,YpmPL8Gt-Qzfd-BTpq-Ipwe-d2Jg7AZBfLmt,2023-02-06
CpCl,9shXKf,38wvJKlB-1SlL-ilAF-7MU7-XIezGZbo7rIe,z1xCJyYa-wp8J-NbQx-deHs-ruet0uJTsvSN,2023-06-21
PfyM,nrv1oU,NzjVOovV-frlt-9Ncn-CXAz-JWHVtI5dJ89O,,
G1Ap,YZ1Ofw,ZIHXwLAV-PPLU-vl2Q-aQqQ-5uDvIjqASwjn,Vn17qz7i-pXb2-sIOC-e373-1Lys353jkpsh,
r7CG,WKrURK,amBvhbja-BH8j-Bhod-f8Dw-k1jJ8Nz1sy3j,jDHWbQ8j-y88g-XoWj-gM34-s33E13lvSxaD,
JdCw,ucAoWf,qYTbQLIH-QBRb-R7Q4-7NeT-xcx133E1KGbP,SLIivhT0-YHQu-JM7A-Ulqc-oKJbrbobXSDH,
,qBvPfn,MJbV2hem-OfRK-nxXg-323Q-O3xTbBVvgeSS,OHRKbiS4-Idvk-iANK-A6zU-51FzTm9NUagM,2023-07-24
80RP,yCnvbW,,u6GlBelB-mn6S-akop-1no4-A4s6uhvggIsm,2023-07-29
q2pX,yLAqqr,Nf8PSFJp-aPlQ-8ktr-6H4P-WB6kYECARq1V,JZ53sAeO-eA42-HtuA-HSzJ-HOAhndLwRUya,2021-11-15
JV4t,ydHlJr,,mqDv5h2L-wGlv-GSuy-ZSuD-WZwHFKEIfdCv,2023-12-30
bDaY,2KqHoH,p8wCNT2f-as1R-UKbu-PQqQ-xFoZpViziMaT,6XDfXzsM-cejb-G7aa-e4dC-k8L5m30dkg1Q,
RyHc,DIIzwP,A33kmqHf-AomL-AiEZ-8KVA-MgZixlTbpzIM,illWMHfU-jPBb-ZYW6-7tUE-QiGl9KwBa5OS,2023-07-13
lMX6,RuM3F6,WZiB2auM-FvcC-KA0S-uqYY-ZuLn7bl0n8ie,xzqNdN4d-8UZD-Rx0G-KU0k-jhOOXgk9TQdv,2023-08-22
,dZkVpC,5aqhkOVT-Yhi3-HL9z-Y9j9-jjtViNQm6QnM,,2022-03-11
n52V,,2gdd0BAT-hzv7-62Vt-Xxg2-HbTFjBgYXGyM,c3s4jsU5-lHPP-GIpe-Cx4p-bd0DOWuZZCD2,2023-08-02
H8F6,pTWNdm,MrURFSgo-YTR9-bkmE-uo1C-k7z0n85qK2Sg,W1Gk5NwF-mrgU-Jj96-2qKt-8xqNof1Bwm0X,2021-11-07
c6OB,W9kvqr,XUbTOI4K-k1eI-KTA3-bTST-KtYIWzlinzIt,ISpG2Vvv-wWA9-UyTP-eGeq-KUVWQJ0SQ2ai,2023-09-04
3ubu,WKtZhZ,nuv29Nj5-t7DC-eCTZ-QG4s-ZCqFuf3nSxon,zyhTUuh6-qvXH-QiUV-tuGr-lOwsSFDSoBtq,2023-06-01
dH2C,OpXfsF,qNVykBYa-bRaO-zbb8-R7y6-PwRJXfUSei2I,Re0T6AnZ-u6bf-7lvI-L7O8-rJI1WGzoWfng,2023-04-05
Czl6,riSCZU,ZFCP3WIu-UewG-ZmYK-Gwfl-AtEhmBL1tPNr,,2022-06-22
,Fn7nn2,zdcUk2UV-y2iX-Nnfe-fXzU-HUZEABNMNDsW,,2022-07-19
6ejQ,wlwUBm,bn9TnwcX-8b5c-1xoG-tNpj-Amgx0hA3dst0,Qv0iUFmD-nPDJ-5QrJ-7t3h-31SbLpfo5lLr,2021-10-20
,5h1p9D,O9e373MO-o41W-P0us-apIl-ZaYBDxqSdnda,,2024-02-02
,LjifTV,2cLHIi6f-z2b5-xHp1-wdHw-Q1ozVaajcB2b,OsHwc4Ni-vOvD-v1V5-CqE9-3r7cnBwqhLB4,2023-08-01
TycZ,UDqHHh,NpWbJV39-9TS5-bjgb-Hdgv-H4KqsEGyvQ6l,,2021-09-08
39j1,WaZ8OD,cilrEnQK-UFdf-iLnO-key2-A6TSwNbvq3rL,8s8a0wQT-VcRk-cuYP-XRBr-sjJ7lJbiZ47J,2022-06-23
EZbH,QpKWaN,fRHHVeh9-FaAT-7TRG-tHqq-4JClCcTTgbmw,qDII1nVE-Ffz9-A8eg-w2ZI-czybdoazBoSg,2021-11-10
,7aAcDY,d5uhd85T-KV0J-ZE79-dWi6-Bc3rjbBuJkjb,,2022-04-20
igHZ,VyTPwr,p39pc08J-gSQq-yRvG-TyiL-mbbPS0VqmFT1,pREvCEDy-z11a-Xt2l-4zsd-YMON7gSTAkRB,2023-01-26
kK8n,qYNaLj,7oRWYuYj-hjxD-MqsP-orVr-HsLjOuggoZYF,SIMaj6ru-p4sO-IJBq-rL7B-PHxUBnIEqXXN,2021-11-01
,FI5NZb,ig33txMB-lCd3-f4fC-r401-s2wZRKyuRQt1,NAAo4WlT-tOyc-SzFK-u7ar-f4TkVDWbedoG,2023-07-21
eiNU,yByPej,obOow7mX-fICL-DPYd-qlVb-cZTw3niZtR5q,fvnrwyy3-66Nn-x5G9-HpxU-P68PEv8tMjQ2,2021-10-24
vHdh,bST67R,F9STHJTG-4TQQ-LeUu-mYxD-pPs9QQNB94vK,,
oyDb,,xR97mWHX-ivKU-vZqU-RoJQ-LlUVDejqLZQR,ROgztmlL-m0E7-3Fwu-TXa1-sEyirYqjGM7E,2022-01-07
kz71,bZaU66,,jCB0HQKA-ZYii-UNiO-1vAA-FBMUIx4SbpGv,2023-03-28
7bkG,,4WI4MDCu-eO6V-zvpm-qymD-6rJTBMkSGwNc,lKsju0Kn-xKLm-zrKg-aoFN-p01VKhpNAf6Y,2024-01-01
enU7,f1QRXm,,3L5Hwfxv-Wg5z-rFcY-BeoQ-MRW3nWmiPLNv,2022-10-07
qnna,lL4p7m,7CCOz7ov-j8ly-fDmX-qP2l-yTfbE9FqWLBI,wqDWbfp7-GL7V-28AP-ir6P-h9VLatLf4hQq,
2t16,j7MWfE,XtahFsHD-V0BD-CUOQ-Za3X-1Eyx6LC60Civ,vRS2TUNc-e4Wx-lSHf-HVaH-ScSXlQHoPWfZ,2023-12-31
,NSFYWE,,aRrKcZDA-PsyC-IGTm-jFif-GUFkSzS5t3hb,2022-02-27
,,,N8Wh3Xnr-AVUR-xEsS-uTja-xKbT4Nsz0XI8,
sA2U,X50Ucr,,iMXIbVJa-aBCk-Fc1M-mtO1-eAnoenSq7eE8,2023-06-17
GlRs,jcutmd,alUWJwlK-5nwM-Cu85-9UBJ-np7I0NKs75Lw,tKXKEBaF-yXWH-zts9-skrf-bdlD331UPiR9,
LOVT,ITYfTc,nufvRWMv-5GC3-EhWZ-Z9BU-kCbWqk1FLGcF,6KZ0gW6R-iGcM-eN7d-w9a6-YnESH22kZxeq,2024-02-27
hz2O,uC4NWn,Nn4fIbWI-DVJm-ll12-LGVG-y6eSGwD8TmOB,Kj5kGWwV-5wPT-hB6x-vmbm-6Wl7caeuyjyK,
,Sy4fLF,9TnD9UxU-SRUg-7cgQ-2mrE-mvjk8JxqxMRd,xRQdPI9W-vTYC-wQxv-TN04-ZOIcGNDVZluW,
,8Ra3aR,,rbOh0HeR-B6Tw-nbr8-Ztml-8B5mQm3LKmgE,2021-12-12
PjHH,,e9y3ARlu-Hm6E-HgcE-wk2T-OKNAZRjKNEzw,,
yCMp,,OVY36NzO-ZouU-2Gui-S7jH-rc2kPtHmwfiz,hTU58rtd-EnRW-zsjR-Hblp-YAAH5GtRHtiI,2022-01-10
cj7Y,,PBti6LA3-plHR-bcRT-g0g6-EwrYgaBzle9x,yFOla0zo-TkrB-ooBV-9sw7-7pjPNWkAqv8n,2023-09-10
R73x,hmlPyA,,nV7EMb0a-T9tJ-cG9m-9sWq-4EBuLbHbJUPR,2023-10-02
512w,BO5wDl,pPHpN9fM-aJQk-ptiD-GNmV-Ij2qCUCEaS0O,SngPkxbY-ZKYN-Tcw7-odRt-ko5U3EjWs3VG,2021-10-27
a8fZ,dnmhd8,zrJ9rljz-nPnd-VfAL-CFgK-CWlHWBY3SJSI,5PuQAaB3-htNh-7KIK-2HT2-Ee2ybvH8xgdP,2023-08-05
HzZW,niIlAN,xQ1GIgty-ePOn-8Mkw-bsvj-bs0JkLatSbJS,4lNiBjcw-8v8e-XqQp-tO1Y-wK9FCuDnVfAo,2023-02-01
V0ZV,,w16lF8oL-sZZl-57GG-29mt-W7QnYZmFeSQ7,,2023-09-18
,,Sf9GjWWV-IOFc-fKUP-gHV6-rzRRPW7OSD2d,d5vIZEzb-x6Q3-GYZb-WLuS-fQwIzupQqwzt,2023-10-07
zVyr,2TXyUY,,,2023-06-08
m02Y,ibNjaJ,ULRLq4JZ-y9ru-E1Ot-qmYp-VddTmcx84ByL,bKg1gGRI-2OUm-AJWd-tHDZ-LqvEz9Vuio84,2022-08-31
7E0l,ZD4XPI,CSa0gkQL-pzSm-F8yg-OWJC-eIskXZSqVR8k,cUrBPOQh-9ck4-VYuV-yPV5-lxOnIIrIVAtI,
FBg8,yEjiUJ,RGkWATGF-8nfF-SbvZ-lDO0-4c1ByfDVTmrc,,2022-03-26
,DyB8OB,9QKIaxoH-7QzD-NWr2-w0du-R7wVToVNvnlD,,2023-04-05
pQ8F,k98o9K,M107ZVZr-x2OO-M4tp-2g4s-cmRkETcCqCvK,WXfnqkPn-6TfN-WEp5-RXAm-ep9jUOW2OVGi,
bzpx,,mDxOAq8s-Xyka-jf1O-MlfB-CBmdAk4UCbnu,,2023-04-07
wv3l,aiuWLn,Pax5jkGL-dDiC-jprQ-u7yt-gC9iIyAuyFlm,,2021-11-14
xuvz,7h4xAx,19M2wFEJ-peR9-HHfh-AzgO-vlVoX0zuLyoW,A9QDYjtP-mzks-m64J-u8W9-RTL5slEO9bXU,2021-09-28
,vxkMm2,w8qN3ety-zFec-cql7-Fpcy-0af6azpBX994,YtkU1gTk-fW6l-wdPs-cur6-xrS5dy03MaH5,2023-02-23
rq6R,NS7bJ9,L4er39oV-KZog-EAgY-7hwy-koHDsjncjqSH,Otz7MBbY-EOOG-o0aW-q1iv-N6hV86yro1nm,
kOd4,5SwdNP,sjaXzCgz-HmVn-J220-NvdU-U2DML97ZL8R2,4bt6OCBk-RKUC-u4cn-yiDT-ryaxJDz0sKJh,2021-12-26
YNRh,bJmNOF,wW56R6gr-8vPz-vAiN-oMnT-7CL1gjCZLaGz,umBu6fvx-Hmu8-LUBZ-o08H-JMdvgmgkKuFP,
axxU,4knVJQ,,nVxHTzX3-7458-5c85-1x5y-B9oW7SOToJG9,
,,,,
oNEB,Wf6S4M,9NWonTus-neNM-RQuj-XJPf-5ceWXaR5vCTy,oIGOaAnf-NT3e-rzWF-2EEb-SXB9ytXVi7tx,2023-11-01
,crNRYp,c7F0XQVQ-9qPx-hc4Z-ELtd-YOjx11JXdzUZ,d3lFIXLC-s6uR-MNsu-Phc7-HEbvD6u2gU2g,2023-10-02
1Yso,,JNOwvFSc-TjFY-P83G-xKlG-PA2XN0vH8a8w,eNbZwE8Q-HjEx-gE6m-fq8v-vyhFTdyzmjo2,2022-03-13
SuPF,0OKwRh,AWjZG6G1-Jm5B-WA5M-fN3t-ESVDLldhXkPu,wtKaKvi3-amK4-aZ8l-udqb-ZomesyeD6jvW,2021-11-25
KAId,WbUItI,WHOJecEv-zKPh-svDB-mEnD-bQgyzk4PzNdx,eAedF7XC-ilWN-aMl4-NhxO-aZQl2lu4hWij,
9i8L,TrlLhv,XZbRqyPd-v71f-9eNs-bkz4-43rgehyoGMma,lzzX7m1a-znAQ-Deab-JBb5-McTzDgg1qXsK,
0Q2N,lUQPGg,N8EoH0iX-SB2J-Qrq1-XLX7-WJVANH0U9X34,,2021-12-17
mtsk,54WFAl,,G0PltmOD-PM5n-V7lX-51UH-Oj9TlXXshmCo,2022-07-12
VNoo,SSf2oE,QTz7xHhL-QJ5J-T56X-IDEg-1faClcx5fO5t,,
gR3P,S0QKGf,ynvQeDSz-n5sm-jkWw-03Wi-WtiugRcre7gt,,2022-01-26
Z9oY,MnpZCm,3l02CAon-mXkg-q8B1-ZdsC-9rFW60dEeUkV,eiZOwI0q-to6l-6YEv-DO1N-EUGycN3XHe5t,2023-02-25
,,QZ6GWFNP-YnAO-wa3i-ZGRc-4goF8Vexas3A,iR7uhb8d-WKA0-X8c7-6rYY-GJsSjk6LCndO,2023-04-08
QF3W,4chbQx,o0uIywKc-pDvf-U9f3-l3X4-qjxc6m5FmCPJ,LX0lzH1u-yuzm-Y4d4-2y5G-3Rnaw7F2fpgd,2021-09-07
,HDoQZa,,c9BWLOXA-hSLa-Jwho-3ZDG-4Ytg55QMXUg0,2022-03-05
Za1e,Ta4J5k,SMYlB2JB-FUjx-Nwup-w9Ml-w4LeWnCgBS32,wRhJ4vw5-pqb2-VMGc-E7y8-79VFt6hDWLor,2022-11-09
PPjd,hhTYTk,VDIKq8XV-WgxV-M5JV-4yCi-qJempGpPj1sx,xLYglcHK-rtl4-s8Gz-PwRh-EhMB6RYRy8zq,2021-09-01
yJIs,gO5WFe,,KVL3PFO3-qF7u-2csJ-vXkb-IeuOpcx2Cnec,2023-08-01
KEHt,yiHHYO,sUY9MWBi-s2UQ-iWl1-z9v2-QLiFv2IxnwTj,FOYWZ6Zn-ujNU-3CPa-Jitt-K8UW2oGPiVYH,
9c4u,,lPcZc5cd-qKNq-MWL0-TZa2-cCMJGcRhyzIA,,
8pxS,nuqnw6,QYIzJUfb-PbIA-bmlk-kryg-I7j32xx54j5h,,
,TtFIAD,kMgvf9f8-eHby-7OZg-eiBA-yzMjkfxvflWB,NWAMIjFE-ZzjY-yd4g-xdGC-akgHs26Npmcf,2022-04-25
T0i2,hDnUtd,mNIEcs9f-D2gQ-Lpd9-6Kzi-vpUu1zZ6YZj6,JbvD6yPm-SyWv-lcys-ASZn-ti3eq1hpzPST,2023-06-09
syPz,1Ishwh,4qa3MEty-Cxi5-8eZp-KqGH-xktpa7In8OaQ,,2022-03-09
aGEP,,Obe6C1TE-Xmmv-kaGl-VYVg-IiiHPqjXDSov,UPq6tuRd-Ux6O-cUSX-wx8Z-RphlArNIjk4y,
HioW,,,,2023-09-02
cecj,Rf1V7J,cfS0Hg4p-y0ZI-f9SC-PUSY-tmAtHwjJ0cqi,5eDY49Pl-thOL-cf7y-HWdM-fCqulAScKXZa,2023-05-21
,,0t8TYCKk-7u5v-sJ48-C3Mj-YxU9XBFVPEJe,IISayg6O-zVZ1-liSG-NqOC-VRyxpcAsjyq9,2023-04-30
ybCk,ojKRfd,sLFAhFeb-qFMZ-Cddf-1zr7-91pNDrmz49l4,2T5402j5-Fgky-caU7-p1Lj-CUCc2JIFhLDe,2022-11-15
cwnt,jM3qL3,,hnpxGSDf-6c3r-vJmO-7GU5-yt89AHZne5Sj,2022-11-26
pFkn,fLnUi5,,ZYAcNF63-ZKc7-w93o-n4gt-I6Qy90PH4YZC,
,Kh7xVb,Mwa4EAst-W2OW-u4t1-dsOs-upQgq4TNZaUC,o823RjGw-AzVk-hWLB-DAWu-vD5IzjdeCjoZ,2024-02-14
cVKr,qwGgHW,xfBfoxCt-X3ne-gSxS-opaO-TYb30BHOD8gN,Zc5dB6p1-J5Vv-GXnt-UaSZ-J5VLuNxuNjyS,2022-05-10
RgzQ,EgKmD5,ejkB5F1a-3d9Q-cDlM-J2qN-OR5Vnl9DKdKX,nY0Mrf1c-qINo-C4tU-aUmw-fSwGrAkaAfMI,2023-09-09
xNn5,,,uujZMUMi-KKnn-YcLL-ZYaR-fpDRAvv5VC7i,2022-10-17
85qx,LNPB7R,O0BNOXIk-lpEE-kRxN-B9bm-KrBN0CeL6l5b,8wstH2yx-x033-8A7A-xxjj-dULx7XQlE75k,
J6cf,QeDM4R,RBN5zcbt-7y3Y-RCej-f5EL-qfm21lXZh0Bz,,2023-11-27
,,qr174xPP-LFml-7yy4-udiN-Wc7GgPJOhu1u,kPH2pLjP-fiIv-lstX-DVZZ-2vmafPY425gQ,2022-01-27
LF8Y,sZkNkv,oFg6eeYR-77sP-xG5m-ldsV-ADp0b8tJ8U3Z,RBWZ0eJQ-ZjbC-s4Gp-Odx4-At1f8sIqnPD3,2022-01-25
M3Ag,mW8pW4,jRQ8b5iN-YiXx-N6BA-9ybl-s0Sb2MTfe9Oq,L0EfAj1B-Xj38-Ht88-gZEi-TICPgXpejYZu,2022-10-01
,2Zissr,OTscXhoX-RPvr-nrG2-MlUs-magZP4MrE17z,,2023-01-15
TQjT,lHgSmC,JjqBT8CH-RY9X-r94s-DnLc-iXN8fNM7y544,,
dPiE,GFmBdK,uuyTl5d6-0l1E-BWbq-z7DD-WfR2u3shuV0M,c3huMzQE-WTRl-UjIA-Jzne-AiHXOkGtBbqu,
gFUm,iVkTc6,irrd5WMD-9pzE-m26G-zbcE-ztdNsB8Z1AhT,1StMaNR1-l0Rf-06Uh-Rq11-FxjRmSRDSAs0,
JpsH,,rlUQxsqu-m64C-JyV2-aZCJ-f2OlJsMDbrFC,GwQ0H1Sd-EAVG-xNw0-sfS9-t7cCcCKDTRgW,2021-12-11
,saed8z,ubuq2WGZ-2OAd-VV6m-zE7C-8GIBa7umineC,,2022-01-19
whMN,VaTegP,UyvnwI0U-mxYj-omSI-5e2B-mou9i7y7rHcL,lisvB2Gq-utJW-inqg-SrRY-PERhBNGfO2nO,2023-03-20
,MLonyD,sqrFpZc3-Lei3-RtZm-KQPD-9EL3Ha0v14cm,RvTPMfP3-tnEo-znox-3d4B-OuNNBRbxYabf,2023-05-22
6Qdl,A7FFgV,,jkTpyCQ1-t3ei-z94f-7EGS-duR2QV4674eU,2022-02-02
,qlTNuQ,xhthdDIl-PIXK-2kDC-XtLH-71UC9RBZ4x2I,2Q9OSkvp-4EoX-xVGW-VFMa-nzcfzjXxyJXU,
q6BD,WOCCaC,,Lt1hwc3P-sI3B-wApp-8ao8-BTJHhWrUqipZ,2024-02-25
x3ch,KHZ8it,teRq80Se-7DbM-WLZL-7hpG-JFvlhZJAJnMH,xJAXp6JW-rviv-NhM2-JlQL-U0yWvK7pOjld,2023-05-18
6q3a,6Zfy1C,,i5d0Zg9S-z3Uv-AuNf-1VJW-7TwhN8EaHWcx,
woAe,BqMfEq,JlI0GZRt-QzRw-0UaW-w5Rz-P7wK5rDhCrnp,,2023-01-24
NRUB,Tn9rrb,2eGGCWq0-murC-Ahlv-4Ouu-hDDsEZk19Pv6,h47rdAbB-IxQK-gz7F-g02L-Yw7bAgDEqXlY,2022-10-15
FO1N,fNIj2g,Mrm4OYl7-DSOG-ixbo-qWGd-Vg3kQ67e7j3o,znfNO06E-rKYi-b6SS-Ed3X-OUKvFVofzTjs,2024-01-16
KRvC,CJ1qff,BBYGkTr0-Ybmf-dKBg-rSVP-7MdWS98cn7Em,vC6H0JIM-Mrkj-HNM1-yeCs-8iNkRfrwyaSe,
7WA8,RHS4cb,Hx0wXJtU-S4MN-EySy-oC3G-q4oGCuzb6Rvr,YoIIqPnn-9L5W-ttay-7IHG-KAszherY8qEq,2022-10-17
bxui,8LWFq3,7J9yWjea-FNBY-x7vO-JWL5-8fOHdS6taoVv,gfQvCQ7J-yW8b-Di9t-myHk-LVLLIIbPiksk,2022-04-08
DHI1,7kIOyo,,iqBWjJfh-xRGz-nbsM-L87S-Zrppv4YNAS47,2023-06-23
,2H5eco,4ZAhsKsl-DvHw-uzbz-43LJ-PSKXR2fpu1A1,YyZKFox4-PtlC-UMRc-6yR9-rfDldmK6HaR8,
dlAH,,gIZC40DF-OXZ1-S5rH-787u-Dl4ANM7PCIxF,AyUm9aSO-xFxI-glgT-7Ckk-6Vw4VJnSU9cu,2023-06-25
Df8M,UuFEPZ,QRSFPV13-aZCk-Wx8w-HGsp-rGrPb6uMxXpa,EH9dM3VM-E7wV-XoWm-VWks-tHSXKl99ESum,2022-08-15
4v1S,ZPOQmX,,Av8jlsss-0tDD-vHFD-Fbq8-laTLR8FqYWRL,2022-01-27
,,QPSfSrlC-qOjI-fdFg-BJee-vjvMGP6EA1Jk,,
,,8qZdAemr-3Knb-WxAk-Vps0-OswN4W4yOnlb,qMHdHCxa-BLNY-aTYO-cr14-agsia4iFW61K,2022-07-06
X2Ck,1NFAnx,D1fCnNTu-Ll4Y-yx5c-1ctP-uFBBAVaVy6gQ,,2023-05-15
V4ac,x7aiHr,hW47xdWC-oiVl-N0Tx-pJxl-rLz0vXBVKnJ7,EhWaQnbN-apS4-gYUk-xCdU-LVAhTIx5RiwM,2023-05-08
JncO,TzbWOK,b1qPwY6g-pkEn-akmM-gAcM-3h4fJ2jKisMB,YRNLxNqB-zXRA-M1XO-61gx-lJ0NEpxldrXt,2024-01-02
15jt,gEAP8G,FpF2046s-J9QN-TnvS-PGFm-uBwyWaGScDc0,rWkivcDS-cCXp-f6jb-JlhV-YjReG0lbAeaI,2022-08-24
xsbo,XgZ95q,G40GAPrk-sEs1-ek8j-h7bQ-K24IbfdEP6nI,um2Dx3Mx-3hp1-M1fF-HHjz-dl7t48IaqNNl,2023-03-25
YSkA,,,tKQ5kE4A-FHR7-3j5D-T9Uy-GtoWfN3tOcS3,
LfwV,qb20l4,SVPwr5jm-c19h-a7BZ-tjCT-qFQL0ikdJQqr,,2022-05-19
0mw4,cnspen,ZIRziOVa-Rz6K-Nhj2-POWh-70IF4oQaWU8w,VnnM9zX1-VxSN-1HG8-0jZh-8HW8jBU8zFrR,2023-04-16
Ppyw,iA32vO,0DU3a4pX-AATk-cXTu-WjMm-sJ6fstGQ34iT,LAZ6Kj4W-XpG0-4buV-8ylM-KhiWPjvCGePt,2022-01-19
fpMr,pulcyY,,0mVX2snf-TYRs-x64A-yKjD-j6rlbLk6brJI,2022-12-21
f69A,,LosvcrF5-4Nwm-itUa-kpk6-4MyySz6nMr7h,yRBInMxH-rQiQ-qXrm-oHGH-az8dBFFC5vbo,2022-04-01
Kdw9,ya8qJN,pL2dGhJy-0WOE-4VpW-BX8j-CtOzTG4w0AFP,SqCjoLvX-3cR9-2U12-MBxE-yrSEOHNgsItN,
MTl4,jNMWl3,,,2022-10-27
Oang,,LMbiNzhp-V483-QQ1N-3RoI-lrK5ygGtO9Lm,,2022-04-30
eT9R,WzilSc,6G1ZF1ld-r37d-fR4N-mAdu-LoA8c8lHP2rd,GSvgu6Qi-jLbQ-siIw-BykO-gnJ4NGIVDVAH,2024-01-22
hqeL,zd43pD,X4sURLW2-CgrO-LeJK-6nrn-OYqVdEuCFizT,k8m2zIkt-VEfa-8uIe-lnVj-XB1jxkVF8lZS,2022-04-08
oR3H,pryJeK,9NTQtRyr-5EiX-81YC-DayF-hsqVgshGYxgm,FK5xH2GT-L6Ac-SYkQ-deNi-humsquyq5EM1,2023-04-15
WVGx,9fI1oD,fCQalomx-wSEw-5LUz-kZDq-lfYfu7msMgVu,ZfcVwmV7-xVRu-qm8Y-c4t5-BPNl1gP4mOZ5,2023-02-14
lMom,gzA8tR,,cgLvw5d6-g33K-dgQG-vsIo-CRrmdo82zoOF,2022-02-03
,RazUn0,,,2022-09-25
NJIU,i7nzWR,,6T4scKI5-EoYN-5f02-iuKF-O8J63RuSMIK0,2022-05-17
SYJq,bovymF,vzqfcjVn-TooQ-SIQh-3ylW-AbyeHomfIPbV,zRzMshQy-rJ3e-mFlt-XCkY-FlE9EKhS4LYm,
5GiL,vZowj9,yocE9lcb-ZUUj-Dp5l-3f2k-hC0VC2ujZqLW,Q7AEne0v-6fud-wmSS-qJjx-2aLK5ObHV1cv,2024-01-05
,UapIKe,,oNX7ugiF-8uP6-Qigo-UJEZ-0xpZML0nZ9tt,2022-03-17
7EEV,jPrVqR,AfYoL2ZM-j3LR-rnC4-W7yQ-T5qROQOCQppf,NA92CRW5-ZSyy-H9GH-5H7S-e9XxHCpB3MPf,2024-02-18
dH9U,h1vRot,EQHVzS1a-do04-xCci-pH6Q-9uR4s3gC4WvR,,2021-10-27
,,V0rGgHjm-bJCj-in4p-KMQh-OOxm185Ixq6i,jWd4QHk8-5INN-3GG2-m87J-F5xzLo5EGyiT,
TB8G,p3C14t,kjQmY5Ag-9SmB-q2db-iA5X-CPdfR9AACF4X,tmfiuIJ3-81Mp-pdTx-LIST-78ZPMiKTvapG,
,StbLd1,vreGuWYl-ZT4l-fhhB-2tNz-fWZezchVRkdE,hXdri2CB-VfQx-Tqmr-sDEe-tyIgd7gSk03N,2022-04-04
u2gr,VYW1Xv,6lY4XpDP-iOvT-CYix-53fB-TBmOz3wJzMIL,kXjOXGAe-QVWB-BvcM-eZp9-WRZl2OPmrLtJ,2023-10-17
mnHz,24t7a0,ZO6I79Nf-1hv0-RYB3-Jty5-w3c8WELLwvqm,qJdEkTYx-Z5zG-HY4q-te14-YBcedqSD8N1W,
,OBp3s3,VaCkOqT8-7VrC-6BBp-qB7k-NFm4kerJ8jht,Y4G3JlTN-9TjU-h4Jl-ijAr-qyDahYVDNjXj,
lzOQ,Q0ipSH,MjAdq1xW-CGwY-UHEl-i8gh-uhGw1NncWxJF,BzVi4ElT-QS2Z-OeQU-pV6Y-UA4hLJQFlWM8,
zNte,ov9iWj,,yUJoTK2e-INed-1emp-HzXD-a9cnbbvq8hIX,
vmHI,668SvA,QH5j7xSW-fTOF-uxfg-axz3-ojBihrThzxq3,,
C3Lo,dbKSWA,ZztMCBW1-OXjO-dtkZ-6Rvf-G473M3dDFBng,I16sRV9s-T1MP-Q226-Qmam-sANc7WGX3D34,
hgLS,g7PWFn,SMUXyDUt-FAOQ-KPaJ-rips-zgBjSB4JXtFs,R8GQEXl6-Tbyo-ouyX-DFId-mOXpFO5jkJVq,2022-12-20
5sER,NNSNc1,rzxQiGEz-MoAu-8CeK-IgMY-Zcq3SS5wReje,mUporPtT-9Dyy-ByHx-YlX1-x8RzlYqMs7It,2024-02-20
6x6A,VYqqlH,,OmsdYzEJ-1QUq-iJ38-xvOq-7ZtKNyxh5erJ,2023-04-27
Ki2F,,leX2t9jX-3YL9-0RJa-5fdV-NU5o22DLwZIy,sC9sZ7kC-K26M-AFOi-cwqr-aQBqyWtOVvah,
sjQo,ix5rAi,Ag8YELPE-vvAG-wVbQ-rJkq-Mfn8z5GeCu1b,BQWDv3uK-t4Uf-pFtk-CsrX-8GxvHArkftT8,2023-09-13
VkoY,uIqO9F,pFylgaw7-82dD-fmP0-oQoV-iLnUhrozIsV8,0Rax2Inb-w21V-FQxJ-RtsO-tOe0S820f73P,2022-01-29
wGOy,Ihpdha,4Hd0hH1o-qzbP-l6OL-KEQ0-NXI6WUKYDtS8,VJ733lsS-9bA4-512K-ysF9-km1YYWd8mYQ4,2023-12-03
5fVR,hIpy66,Twg7y912-MMVd-nLdO-6igO-7eKkFxKQNupf,6pP1sRUZ-H6Qx-SoZ2-2G83-oVHQmwXFlFh4,2022-06-16
I0nT,MaN5st,vihbJ2GV-gHtr-Ci1j-KZsx-4A3A13CwyC5S,gl3np4uh-ITPJ-wPGq-SNqJ-rG8QEieKGFS2,2021-11-28
gRkv,05GALu,y5MRO0D7-r1Do-AV6y-qxvz-g5W9vRnZoRGL,2hcgtE0D-0Hw8-x2Gg-4y1K-27NDZtCe8bg3,2023-08-30
NzeI,JOR8bs,BfB8PBcI-vVZg-ZGcX-iY2j-8f5sGOrlCG8F,4BANmYAm-K1gP-kiHM-MbtL-lIpmyXVtAlQd,
toFT,DSo4AV,FgKmwgJu-WWkf-Artj-HBLI-rDMiZVBjvEzy,,2023-01-26
IULt,gFkyev,ia4YGDcu-mKWm-NJUo-orNM-IONHDJp0nv1U,YyrazmzS-sZow-HKkQ-hGbf-sXF8mLNit7B1,2023-09-06
ZFCw,QKuiBr,JkVgMXCz-6MyT-1WZB-6sLM-eYemTcVe9qON,MerI4tMq-wnjK-nDu2-OXlt-MFGMFvREqZtS,2022-07-16
CUHF,58Th35,xwPOVMKw-Xwtl-91Cs-7aLI-yc9oPqfjNM7U,iwevIlsd-rlOi-fFvU-VsuP-kp1jnu25Kh1P,2023-04-04
vPH6,zcq8uE,qEbE5IEd-yzdD-yrHA-SYZA-dJBAwcHcYPOG,j5kpVYFF-TdUV-NSJD-Zb75-fJgPgSizQIIy,2022-03-20
5aqQ,k6NHp9,UDoyrcnV-jgT7-QdhM-Wf55-h2NgZd5BmHK3,w3fn29MF-9RAy-IrQD-pAUe-VmyuwEOSEd37,2024-02-18
PAdM,70L9vl,OK03wKDJ-rqHi-Zolo-FKTa-YPryynSZylyF,,2023-01-14
h0dX,,RuvFnAPE-wO6Q-WvEf-R64w-rCKtgsPhenwY,,2021-09-05
cD3b,,uI1lqnJ0-03K2-8q7b-xHnJ-DtbLAQLFXnUf,Hk7Q2Trg-NJzY-XYxV-vfx4-L4xRS0nv8EO7,2022-08-15
bIIg,,cGSZaGVz-X8i6-YHXO-zw5Y-XvfzQRVfEXn9,,2023-01-03
GUiz,t4QGUa,lEOIbnNy-rLyR-UpLn-vMbS-pfjFxiroVImN,XLnXoGNK-Fv0z-Q7n3-2gTF-CItFrc7ULJO2,2022-07-01
0kMz,CctWs1,np6OHLwM-hKCJ-5TSs-jkVB-N3UwYTkZA5WJ,WSepZf3U-nEqG-4ngU-OQCC-6JfTTdJ682q4,
,,WQv4CzJc-iwC0-QF1Q-6bV0-WPMXICt0U1nE,xpxVb6AH-S1iY-advf-YqP6-Xp5T2hsf4WwG,2022-12-30
MFOK,R80HYR,,jjaMJLxz-pXXU-Qboh-bs40-6fxZIRrQuUNI,
jfHB,,P3ujFZGx-ArSD-TOOd-AfZO-IGH8agbnzz4Y,,
PqjX,iDtfKt,pZYJ0uIi-fAJz-6wab-MfbA-KGB7gvyrFbER,xJ47ndA9-kuxo-Wi4h-We7a-DoCL1bKl8XSF,2024-02-04
,,,N63vtquc-SEBb-1lHr-UXXN-5iLZXvk1TRNd,
fmPi,j0n6Ga,kzQuyu2F-2YGQ-QbfI-a5RL-o87uixtMIhrt,,2022-07-09
2cPp,xdqySa,,VkLNocEQ-cyhC-rHfk-sFEk-eOoHn7Hjo9pr,2022-08-20
yAjD,,bfJi6jLU-WPZ4-IJ2i-uBFN-dy2uvwurp3y2,Q4r2Ga0I-tG6X-F1sr-ek0H-YzxrVq0XIBFB,2023-09-08
831S,,6YsiEGTJ-MDBM-09nA-RidW-USec2d5CSP3I,,
3k7r,LH2KTS,srcGIknL-Lv3j-3ER4-XJi8-hKRQ5LhkO0js,7qxfbQ5q-vkUn-cJvb-D4KH-CtsWfnk2VK0q,2022-01-14
wlnU,,,bxLxBnQe-Iisf-pJOf-nklU-0rwRZVNjKON4,2023-07-24
e70o,ipPNGd,I0EYaDAx-TwcY-ymCZ-J0Ws-DeI91kArVb1Z,1pr9YM3G-8skK-VcyW-H2TE-j1Is9VABkvwc,2023-08-17
D9lh,8N16DP,5gCOHyCH-pNXW-htlS-Kz9M-jwZ2aw2OGBU2,3cMTE9gQ-f31S-ZE4e-5B1y-fgPPRRdO7MDI,2022-01-29
M0L7,yxobLz,ClVPli94-v2Vg-WSNs-EtjY-SnywSMacZnzP,6tgKLw8d-Wz2U-Uw2p-ePjt-nmEuhzaY5wUp,2022-11-17
TN9P,xUe3R3,,,
,,jbXsPUHw-bnxe-0Rnc-P5z3-7LxptoIHAI3W,z7KzORGS-feTy-5dpQ-Qql8-xjtFGji0N9bu,2023-03-24
UyFN,hZISUt,,otz12p0e-iJV6-aab1-GRit-zGxAmRW8a3Sz,2023-06-26
H2Mn,WJhStb,,omvsfZPA-SLB8-hLhI-7oZB-bdBkOHS23mVc,2023-03-28
tsx0,aZ7ffE,gPZzr2Y2-xTpP-F2de-WCwh-7aDx4SsXtcbu,2Ht2ALBN-vv67-k2BJ-RbzF-FOkDJvvHR5fv,
,RBILbR,0matZ796-HBJg-spvc-DqQv-KQD8d00mAJq8,,2023-10-30
w3eg,t9o3SP,GElDj3ZU-gT5p-1CZw-6itt-r3YQRTSsDfTF,Xzdao93z-cFSk-Wyfn-cTOA-QPEj0OMcLfcK,2022-12-14
rEg2,mhomIC,3UuZAVSi-gcyw-Q3eq-XgES-y0uOwZNcEepB,,2021-10-17
f8Mi,,,hspXTR9S-mWy3-AGIi-F1LR-Bxzs2W4NT7ZA,2024-01-01
ETx0,XTQySe,SdEAKhwB-uyeM-fpDw-DeJ8-Wm0LEF8EXL5B,cwM81uVH-kpGM-zfQN-no21-uy1WYNxmgELz,2023-11-22
knJ2,AFjTdk,DIWqqyJP-TCt4-OuKl-7yuO-BeNqxkVsOoPC,1QmqrkzA-7jeS-XDY5-4xRa-wCJOdo1R3EFC,
bbLL,JRGoil,5yvezTPS-sRc3-SZEh-Ub39-lFTK0uNRFZrt,VV5YKvk0-ie09-xlJB-UWdZ-dnijUdvx2ajK,2024-02-04
ckRP,,eVZcMbyc-WYHt-7zBh-7MZn-hUoAQkR5qNPk,Rg5jjI7l-yXWW-qBaX-YQSb-b6U4HiBVmfvL,2022-07-12
YsX8,pCtzbI,Wj6iqlGf-Fm0a-fT0V-7i8I-AoFj8uyYOJxx,bkjPIOJA-AgZF-7TpH-rfbV-T3a6TDsDxHnT,
6PlC,,DEAlPfv4-S5F3-iAsT-ekxc-AP1adCt6TBuL,oJR1q9H3-rVJr-gJlx-tDcg-v8W4Hef9dJHb,2023-07-05
,bXe3Pz,Cp0h0tSs-Ti5A-UaR4-gvBI-d9PXIPSw707w,ip3wCHPj-nm4s-5lXc-w2rz-QLclKhlWJ9UH,2021-11-06
,QKykZf,u6rEoeHI-d7il-26ba-0KR4-PMu8w3WfBUgG,y8EEUNEo-TF8s-1AeE-ZnSQ-oJzIL0Q1fAf1,
kP8y,,VSG4zhtq-Tqi0-PCIB-4j8b-ryIGDJTjoRYD,,
cbOa,IA0fJi,zJC40A3z-oPRa-9Zqi-vqG9-5GWpF5ZMd9Sp,LVYmGp2Q-JLX2-Ij6A-zQIc-qO1YQvC6u05x,2022-01-02
tWfc,MlhUh8,xM7lZkW6-tSX9-Tw03-n3zr-GJRLE6nMdXrk,,2022-06-07
0GRz,n7uVMb,Yz8VpOG4-5x79-Nx7e-YGBr-sr1Oo4BgOMCm,RWeZFs9f-l82I-8b4o-xCfE-zasRYMBwcSMG,2022-02-06
875K,uKHC5C,,Pi05buzk-jbOI-kQUO-MMX1-CS27fCQXomVs,2022-08-06
jOUk,E8IkX9,kUovPOal-h3FH-8c0q-k5li-yppML3urYY9O,Qoa56YnZ-kh5I-iF4L-pVjW-jqhYJPJAaY8P,2023-04-06
L0ZU,lm4g3k,jTlB83GT-7FFS-fLkV-PyVv-yY1Va5vRx6m7,y4r8hEUB-eTbg-Sp50-Kjjx-UoLbwHto3zOt,
,eAkVhV,g4q6E49J-RcFB-snjp-oKYa-UyjfPZHWhhfB,hWg5UBLW-sras-qcFa-qZSB-ik4agvdxLCU2,
nx6j,uY1Zzw,plMXNzGV-ryKP-wo3T-d7wJ-UZhFxoUzGNs6,PcN1HafF-MaPk-9meW-fddz-RAYuTXilWN2p,2022-04-27
,umT22K,3VhBkfJ3-9RmG-hafm-2zw6-ZQPq52eqlHPs,9rkXWCPy-F917-g3na-cCiG-3HodjGrn8plw,2023-09-13
,kSY0DH,,pUlxOrol-DJBO-LFBh-2c5q-45mvh3UMtuEO,2022-03-27
Fght,GdhnHs,VItKIzMH-9VlS-yhOf-WaHQ-6JrFopas9bKS,DfU7tbfE-eP3A-Ebzj-agyO-FWmLs20FbGZA,2022-11-24
aRwY,CrNIIx,ySi3BxI0-yydJ-qRIB-n5eZ-D5rgPKjQsfkN,zUxFmMiM-lX77-5Q7x-sEJw-1sI5A0NwRTO5,2022-04-03
yiNQ,PvPhgj,mpsmsULI-IF42-Ly2U-hbfB-aLDePj09cyvb,WrsG9QfU-h38y-o3BD-au2M-PB76X2C6Zjbt,
,UogPwa,,,
dW9u,0C8Zop,Q5o4OILW-8h16-M5UW-UAQs-yPxSbAkjIcp3,PQTLZXuI-vFWD-WmTp-4vAX-o9AYeaL2XcxU,2022-01-26
hcF9,gUErk6,XUqgaI4w-xVoU-Hr5j-4M74-EqLGgdNWYuOs,EWZOyGbe-0xDq-4mLi-RFC4-ke1zIKXaXtv0,
kz9b,,,6B6isUNH-EcKb-DXUc-Se4S-qGDsqJvSP7yn,2023-07-10
,7pJxAg,7mpy2MmX-8JsY-gsd0-CAbq-9hreNgqmcfAS,43kmmIi5-tacC-zbFe-Ou2K-ApKrVtnqAef1,2021-10-17
9iup,,duKOf2CK-3ITq-XwQK-2csQ-EGpyo2LJZTXv,,
p8k7,sBLRfT,MM8rwJL8-fc5k-loz7-tTX5-XGzF0IJeh7Ba,,
,EOl8r5,DC5fdwUN-cHBh-QRpF-RHPd-QslCZyluX1FL,,2022-05-19
