uuid,firstName,lastName,street,city,state,zip,email(s)
7b70a695-33c1-4a1a-9c95-51054f4017f6,Edithe,Driffill,Autumn Leaf,Fort Wayne,IN,46857,edriffill0@timesonline.co.uk
fdce2d71-7a42-42c8-b6a3-53dad5d21194,Sherline,Bowerman,Quincy,Kalamazoo,MI,49048,sbowerman1@reuters.com
9a70a695-33c1-4a1a-9c95-51054f4018f6,Rockey,Barrick,Bartillon,Brooklyn,NY,11236,rbarrick2@dot.gov
65405595-a97d-4939-adf4-71dcc2ff7b3d,Krystalle,Shier,Lotheville,Saint Petersburg,FL,33705,kshier3@aol.com
961b7c38-6c9b-463c-8a8d-a784fd0afd9c,Sisile,Lammerts,Goodland,Raleigh,NC,27615,slammerts4@yellowbook.com
80ff9b2b-715a-4833-b56a-e81a987e0ac8,Costa,Martino,Petterle,Las Vegas,NV,89160,cmartino5@reference.com
f934513d-2072-494c-ad1e-fcaea12e3784,Verne,Lynes,Maywood,San Jose,CA,95155,vlynes6@thetimes.co.uk
92693cae-5788-47e9-9d67-cb1a3355b1f1,Olympia,Mitrovic,Goodland,Oklahoma City,OK,73157,omitrovic7@freewebs.com
fdf2e7ff-c814-47ea-8f85-df79d5cf9eef,Tulley,McConville,Messerschmidt,Bethlehem,PA,18018,tmcconville8@ifeng.com
fdce2d71-7a42-42c8-b6a3-53dad5d21194,Poppy,Parmby,Sunbrook,Roanoke,VA,24029,pparmby9@drupal.org